unit,group,start,end,source,anchors
client/clientde_impl,.CRT,004cf004,004cf008,exact,1
client/sys/win/winclientde_impl,.CRT,004cf008,004cf014,exact,1
client/clientmgr,.CRT,004cf014,004cf020,exact,1
client/clientshell,.CRT,004cf020,004cf024,exact,1
shared/collision,.CRT,004cf024,004cf048,exact,1
client/console,.CRT,004cf040,004cf044,exact,1
client/sys/win/winconsole_impl,.CRT,004cf044,004cf048,exact,1
client/consolecommands,.CRT,004cf048,004cf050,exact,1
kernel/sys/win/counter,.CRT,004cf050,004cf054,exact,1
kernel/io/sys/win/de_file,.CRT,004cf054,004cf05c,exact,1
world/de_nodes,.CRT,004cf05c,004cf064,exact,1
client/demomgr,.CRT,004cf064,004cf068,exact,1
shared/dhashtable,.CRT,004cf068,004cf06c,exact,1
shared/engine_vars,.CRT,004cf06c,004cf078,exact,1
world/fullintersectline,.CRT,004cf078,004cf084,exact,1
shared/genericprop_setup,.CRT,004cf084,004cf088,exact,1
kernel/sys/win/input,.CRT,004cf088,004cf090,exact,1
server/interlink,.CRT,004cf090,004cf094,exact,1
shared/leech,.CRT,004cf094,004cf09c,exact,1
shared/lightmap_planes,.CRT,004cf09c,004cf0a0,exact,1
kernel/sys/win/ltdirectmusic_impl,.CRT,004cf0a0,004cf0b8,exact,1
kernel/sys/win/ltdirectmusicloader,.CRT,004cf0b8,004cf0bc,exact,1
kernel/sys/win/lthread,.CRT,004cf0bc,004cf0c4,exact,1
shared/modelrayintersect,.CRT,004cf0c4,004cf0cc,exact,1
shared/moveobject,.CRT,004cf0cc,004cf0d0,exact,1
kernel/net/netmgr,.CRT,004cf0d0,004cf0d4,exact,1
shared/objectmgr,.CRT,004cf0d4,004cf0d8,exact,1
kernel/net/packet,.CRT,004cf0d8,004cf0dc,exact,1
shared/pixelformat,.CRT,004cf0dc,004cf0e0,exact,1
kernel/sys/win/render,.CRT,004cf0e0,004cf0e8,exact,1
server/servermgr,.CRT,004cf0e8,004cf0f4,exact,1
kernel/sys/win/text_mgr,.CRT,004cf0f4,004cf0f8,exact,1
kernel/sys/win/timemgr,.CRT,004cf0f8,004cf0fc,exact,1
lib/LT_WONAPI/Auth,.CRT,004cf0fc,004cf104,exact,1
lib/VC6SP5_LIBCPMT/locale0,.CRT,004cf104,004cf10c,exact,1
lib/LT_WONAPI/Socket,.CRT,004cf10c,004cf110,exact,1
lithshared/stdlith/helpers,.CRT,004cf110,004cf114,exact,1
lithshared/stdlith/l_allocator,.CRT,004cf114,004cf118,exact,1
lib/VC6SP5_LIBCMT/onexit,.CRT,004cf120,004cf124,exact,1
lib/VC6SP5_LIBCMT/_file,.CRT,004cf124,004cf13c,exact,2
lib/VC6SP5_LIBCMT/mbctype,.CRT,004cf128,004cf12c,exact,1
lib/VC6SP5_LIBCMT/unhandld,.CRT,004cf12c,004cf14c,exact,2
lib/VC6SP5_LIBCMT/initcon,.CRT,004cf13c,004cf140,exact,1
kernel/sys/win/client,.bss,004debdc,004debe4,exact,1
client/clientde_impl,.bss,004decb4,004decb5,points,1
client/sys/win/winclientde_impl,.bss,004ded88,004def65,points,1
client/clientmgr,.bss,004def68,004defa9,points,2
client/clientshell,.bss,004deff8,004df00d,points,2
client/cobject,.bss,004e048c,004e0490,exact,1
shared/collision,.bss,004e0c9c,004e2f7d,points,2
client/console,.bss,004e2f88,004e3378,exact,1
client/consolecommands,.bss,004e3378,004e33d4,exact,1
kernel/io/sys/win/de_file,.bss,004e33d8,004e3451,points,2
world/de_mainworld,.bss,004e3454,004e3455,points,1
kernel/mem/sys/win/de_memory,.bss,004e3464,004e3488,exact,1
world/de_nodes,.bss,004e3488,004e34e1,points,2
client/demomgr,.bss,004e3528,004e363d,points,1
shared/dhashtable,.bss,004e3640,004e3675,points,1
kernel/sys/win/dsys_interface,.bss,004e3690,004e3695,points,2
shared/engine_vars,.bss,004e369c,004e36c0,exact,1
client/errorlog,.bss,004e37ac,004e37b0,exact,1
client/exceptionhandler,.bss,004e37b0,004e37b4,exact,1
shared/ftclient,.bss,004e37b4,004e37b8,exact,1
world/fullintersectline,.bss,004e37b8,004e381d,points,1
server/game_serialize,.bss,004e3820,004e3825,points,2
shared/genericprop_setup,.bss,004e3828,004e3834,exact,1
kernel/sys/win/input,.bss,004e3838,004e3b25,points,1
kernel/sys/win/interface_helpers,.bss,004e3b28,004e42c0,exact,1
server/interlink,.bss,004e42c0,004e42c4,exact,1
shared/leech,.bss,004e42c4,004e4314,exact,1
shared/lightmap_planes,.bss,004e4318,004e43f0,exact,1
kernel/sys/win/ltdirectmusic_impl,.bss,004e43f0,004e446d,points,2
kernel/sys/win/ltdirectmusicloader,.bss,004e4474,004e44b0,exact,1
kernel/sys/win/lthread,.bss,004e44b0,004e44ec,exact,1
sdk/ltquatbase,.bss,004e44ec,004e4520,exact,1
client/memorywatch,.bss,004e4520,004e4524,exact,1
shared/modelrayintersect,.bss,004e4528,004e4551,points,2
shared/moveobject,.bss,004e4558,004e4561,points,2
kernel/sys/win/musicdriver,.bss,004e45a8,004e45ad,points,1
kernel/net/netmgr,.bss,004e45b0,004e45b1,points,1
shared/objectmgr,.bss,004e45b8,004e45c9,points,1
kernel/net/packet,.bss,004e4608,004e4615,points,1
shared/pixelformat,.bss,004e4618,004e4658,exact,1
kernel/sys/win/render,.bss,004e4658,004e49e1,points,2
server/s_client,.bss,004e49ec,004e49ed,points,1
server/s_concommand,.bss,004e49f0,004e49f4,exact,1
server/s_net,.bss,004e49f8,004e49f9,points,1
server/servermgr,.bss,004e5db8,004e5db9,points,1
client/shellnet,.bss,004e5dd0,004e5dd1,points,1
kernel/sys/win/stringmgr,.bss,004e61d0,004e61f8,exact,1
kernel/sys/win/text_mgr,.bss,004e61f8,004e6221,points,2
kernel/sys/win/timemgr,.bss,004e6224,004e622c,exact,1
lib/LT_WONAPI/Auth,.bss,004e6280,004e644a,exact,1
lib/LT_WONAPI/Crypt,.bss,004e6450,004e6498,exact,1
lib/LT_WONAPI/Socket,.bss,004e64b0,004e6508,exact,1
lib/LT_WONAPI/WONStatus,.bss,004e6508,004e6908,exact,1
lithshared/stdlith/struct_bank,.bss,004e6908,004e690c,exact,1
lithshared/stdlith/helpers,.bss,004e6910,004e6a18,exact,1
lithshared/stdlith/l_allocator,.bss,004e6a18,004e6a1c,exact,1
lib/VC6SP5_LIBCMT/fpinit,.bss,004e6a1c,004e6a24,exact,1
lib/VC6SP5_LIBCMT/crt0dat,.bss,004e6a24,004e6a68,exact,1
lib/VC6SP5_LIBCMT/handler,.bss,004e6a68,004e6a6c,exact,1
lib/VC6SP5_LIBCMT/wincrt0,.bss,004e6a6c,004e6a78,exact,1
lib/VC6SP5_LIBCMT/time,.bss,004e6a78,004e6a90,exact,1
lib/VC6SP5_LIBCMT/_file,.bss,004e6a90,004e6a94,exact,1
lib/VC6SP5_LIBCMT/sbheap,.bss,004e6a94,004e6a98,exact,1
lib/VC6SP5_LIBCMT/mlock,.bss,004e6a98,004e6af8,exact,1
lib/VC6SP5_LIBCMT/_sftbuf,.bss,004e6afc,004e6b04,exact,1
lib/VC6SP5_LIBCMT/winsig,.bss,004e6b04,004e6b18,exact,1
lib/VC6SP5_LIBCMT/crt0msg,.bss,004e6b18,004e6b1c,exact,1
lib/VC6SP5_LIBCMT/a_map,.bss,004e6b48,004e6b4c,exact,1
lib/VC6SP5_LIBCMT/mbctype,.bss,004e6b4c,004e6b50,exact,1
lib/VC6SP5_LIBCMT/stdargv,.bss,004e6b50,004e6c54,exact,1
lib/VC6SP5_LIBCMT/a_env,.bss,004e6c54,004e6c58,exact,1
lib/VC6SP5_LIBCMT/unhandld,.bss,004e6c58,004e6c5c,exact,1
lib/VC6SP5_LIBCMT/a_str,.bss,004e6c64,004e6c68,exact,1
lib/VC6SP5_LIBCMT/tzset,.bss,004e6c68,004e6d24,exact,1
lib/VC6SP5_LIBCMT/crtmbox,.bss,004e6d24,004e6d30,exact,1
kernel/sys/win/bindmgr,.data,004cf180,004cf1b2,exact,1
kernel/sys/win/binkvideomgrimpl,.data,004cf1b4,004cf4ce,exact,1
shared/classbind,.data,004cf4d0,004cf4df,exact,1
server/classmgr,.data,004cf4e0,004cf52b,exact,1
kernel/sys/win/client,.data,004cf52c,004cf7a8,exact,1
client/client_filemgr,.data,004cf7a8,004cf7d3,exact,1
client/clientde_impl,.data,004cf7e0,004cfc89,points,2
client/sys/win/winclientde_impl,.data,004d010c,004d03f1,exact,1
client/cloaderthread,.data,004d07b0,004d07cd,exact,1
client/cmoveabstract,.data,004d07d0,004d07de,exact,1
client/cobject,.data,004d07e0,004d07e7,exact,1
shared/concommand,.data,004d0960,004d0980,exact,1
client/consolecommands,.data,004d0d1c,004d122b,exact,1
kernel/sys/win/counter,.data,004d1230,004d1238,exact,1
shared/csbase,.data,004d1238,004d1808,exact,1
world/de_nodes,.data,004d1aec,004d1af1,points,2
client/demomgr,.data,004d1af4,004d1da8,exact,1
kernel/sys/win/dsys_interface,.data,004d1df8,004d1df9,points,1
shared/dtxmgr,.data,004d2094,004d20a7,exact,1
client/effects,.data,004d20a8,004d20a9,points,1
shared/engine_vars,.data,004d212c,004d2130,exact,1
client/errorlog,.data,004d2f38,004d2f5d,exact,1
client/exceptionhandler,.data,004d2f60,004d3480,exact,1
server/game_serialize,.data,004d3480,004d3481,points,1
shared/genericprop_setup,.data,004d3610,004d362f,exact,1
shared/shared_iltcommon,.data,004d3630,004d370e,exact,1
shared/shared_iltphysics,.data,004d3710,004d381a,exact,1
kernel/sys/win/input,.data,004d3830,004d3bb0,exact,1
kernel/sys/win/interface_helpers,.data,004d3bb0,004d3bbd,exact,1
shared/leech,.data,004d3bc0,004d3bc8,exact,1
shared/lmessage,.data,004d3bc8,004d3bd1,points,2
kernel/net/localdriver,.data,004d3c50,004d3c6a,exact,1
kernel/sys/win/ltdirectmusicloader,.data,004d479c,004d47ed,exact,1
kernel/sys/win/lthread,.data,004d47f0,004d482f,exact,1
sdk/ltquatbase,.data,004d4830,004d483c,exact,1
shared/modellt_impl,.data,004d4988,004d4a0d,points,2
kernel/sys/win/musicdriver,.data,004d4dc8,004d4dd6,exact,1
shared/objectmgr,.data,004d53d8,004d545c,exact,1
shared/parse_world_info,.data,004d545c,004d546a,exact,1
shared/pixelformat,.data,004d5478,004d55f8,exact,1
client/predict,.data,004d55f8,004d55fc,exact,1
server/s_concommand,.data,004d57a8,004d5960,exact,1
server/server_extradata,.data,004d5a38,004d5a39,points,1
server/server_interface,.data,004d5e1c,004d5fc9,points,2
server/serverde_impl,.data,004d5fe4,004d635d,points,2
client/setupobject,.data,004d6bf8,004d6bf9,points,1
shared/shellbind,.data,004d6d2c,004d6d4b,exact,1
sound/soundbuffer,.data,004d6f78,004d6fae,exact,1
sound/soundinstance,.data,004d6fb0,004d6fcf,exact,1
client/sprite,.data,004d7330,004d7339,exact,1
shared/spritecontrolimpl,.data,004d733c,004d7371,exact,1
kernel/sys/win/stringmgr,.data,004d7374,004d73af,exact,1
kernel/net/sys/win/udpdriver,.data,004d73b0,004d73b1,points,1
client/texmod,.data,004d7cc4,004d7cd1,points,2
shared/version_info,.data,004d7d80,004d7d88,exact,1
kernel/sys/win/videomgr,.data,004d7d88,004d7db8,exact,1
lib/LT_WONAPI/Auth,.data,004d8054,004d8569,exact,1
lib/LT_WONAPI/Common,.data,004d8770,004d87d9,exact,1
lib/LT_WONAPI/Crypt,.data,004d87e0,004d88b0,exact,1
lib/LT_WONAPI/WONStatus,.data,004d88b4,004dabe6,exact,1
lithshared/rezmgr/rezmgr,.data,004dabe8,004dabf0,exact,1
lithshared/rezmgr/rezfile,.data,004dabf0,004dabf8,exact,1
lithshared/controlfilemgr/controlfilemgr,.data,004dabf8,004dac1e,exact,1
lib/VC6SP5_LIBCMT/fpinit,.data,004dac20,004dac34,exact,1
lib/VC6SP5_LIBCMT/exsup,.data,004dac40,004dac50,exact,1
lib/VC6SP5_LIBCMT/floor,.data,004dac50,004dac54,exact,1
lib/VC6SP5_LIBCMT/acos,.data,004dac60,004dac68,exact,1
lib/VC6SP5_LIBCMT/sqrt,.data,004dac70,004dac78,exact,1
lib/VC6SP5_LIBCMT/87fmod,.data,004dac80,004dacd0,exact,1
lib/VC6SP5_LIBCMT/wincrt0,.data,004dacd0,004dacd8,exact,1
lib/VC6SP5_LIBCMT/typinfo,.data,004dacd8,004dacf0,exact,1
lib/VC6SP5_LIBCMT/_file,.data,004dacf8,004daf78,exact,1
lib/VC6SP5_LIBCMT/sbheap,.data,004dafa0,004dcfc8,exact,1
lib/VC6SP5_LIBCMT/mlock,.data,004dcfc8,004dd088,exact,1
lib/VC6SP5_LIBCMT/output,.data,004dd088,004dd090,exact,1
lib/VC6SP5_LIBCMT/tidtable,.data,004dd090,004dd094,exact,1
lib/VC6SP5_LIBCMT/ioinit,.data,004dd098,004dd0bc,exact,1
lib/VC6SP5_LIBCMT/dosmap,.data,004dd0c0,004dd228,exact,1
lib/VC6SP5_LIBCMT/fpexcept,.data,004dd228,004dd300,exact,1
lib/VC6SP5_LIBCMT/util,.data,004dd300,004dd328,exact,1
lib/VC6SP5_LIBCMT/fpctrl,.data,004dd328,004dd340,exact,1
lib/VC6SP5_LIBCMT/87disp,.data,004dd560,004dd58c,exact,1
lib/VC6SP5_LIBCMT/input,.data,004dd590,004dd59a,exact,1
lib/VC6SP5_LIBCMT/crt0msg,.data,004dd5a0,004dd630,exact,1
lib/VC6SP5_LIBCMT/winxfltr,.data,004dd740,004dd7c8,exact,1
lib/VC6SP5_LIBCMT/adj_fdiv,.data,004dd7d0,004dd930,exact,1
lib/VC6SP5_LIBCMT/mbctype,.data,004dd930,004dda28,exact,1
lib/VC6SP5_LIBCMT/hooks,.data,004dda40,004dda44,exact,1
lib/VC6SP5_LIBCMT/intrncvt,.data,004dda48,004dda78,exact,1
lib/VC6SP5_LIBCMT/matherr,.data,004dda80,004dda84,exact,1
lib/VC6SP5_LIBCMT/tzset,.data,004ddb18,004ddb34,exact,1
lib/VC6SP5_LIBCMT/initcon,.data,004de2a4,004de2ac,exact,1
kernel/sys/win/binkvideomgrimpl,.rdata,004c6480,004c64e4,exact,1
kernel/sys/win/client,.rdata,004c64e4,004c64f4,exact,1
client/client_filemgr,.rdata,004c64f4,004c6524,exact,1
client/sys/win/winclientde_impl,.rdata,004c6b24,004c6b88,exact,1
client/cloaderthread,.rdata,004c6e7c,004c6e9c,exact,1
client/cmoveabstract,.rdata,004c6ea0,004c6ea8,exact,1
client/consolecommands,.rdata,004c6fb0,004c6fdc,exact,1
client/debuggraphmgr,.rdata,004c7290,004c7350,exact,1
client/demomgr,.rdata,004c7350,004c7358,exact,1
shared/dhashtable,.rdata,004c7358,004c7368,exact,1
shared/dtxmgr,.rdata,004c73e0,004c73e4,exact,1
client/exceptionhandler,.rdata,004c73f0,004c7424,exact,1
shared/ftserv,.rdata,004c7424,004c7438,exact,1
shared/geomroutines,.rdata,004c74d0,004c74d4,exact,1
shared/shared_iltcommon,.rdata,004c74d8,004c752c,exact,1
kernel/sys/win/input,.rdata,004c7560,004c75b8,exact,1
shared/leech,.rdata,004c75b8,004c75c8,exact,1
kernel/net/localdriver,.rdata,004c75d0,004c764c,exact,1
kernel/sys/win/lt_cursor_impl,.rdata,004c764c,004c7684,exact,1
kernel/sys/win/ltdirectmusicloader,.rdata,004c76f4,004c77c4,exact,1
kernel/sys/win/lthread,.rdata,004c77c4,004c7814,exact,1
sdk/ltquatbase,.rdata,004c7818,004c7820,exact,1
shared/objectmgr,.rdata,004c7de4,004c80dc,exact,1
client/predict,.rdata,004c80e8,004c80ec,exact,1
server/sloaderthread,.rdata,004c8694,004c86b4,exact,1
sound/soundbuffer,.rdata,004c86b4,004c86d0,exact,1
sound/soundinstance,.rdata,004c86d0,004c87f4,exact,1
kernel/sys/win/streamsim,.rdata,004c899c,004c8a20,exact,1
world/world_tree,.rdata,004c8b54,004c8b90,exact,1
lib/LT_WONAPI/Auth,.rdata,004c8b90,004c8c00,exact,1
lib/LT_WONAPI/Common,.rdata,004c8c08,004c8c1c,exact,1
lib/LT_WONAPI/Crypt,.rdata,004c8c1c,004c9c84,exact,1
lithshared/rezmgr/rezmgr,.rdata,004c9ee0,004c9f00,exact,1
lithshared/rezmgr/rezfile,.rdata,004c9f00,004c9f94,exact,1
lithshared/stdlith/stringholder,.rdata,004c9f94,004c9fc4,exact,1
lithshared/stdlith/l_allocator,.rdata,004c9fc4,004c9fdc,exact,1
lithshared/controlfilemgr/controlfilemgr,.rdata,004c9fdc,004c9fec,exact,1
lib/VC6SP5_LIBCMT/free,.rdata,004c9ff0,004ca008,exact,1
lib/VC6SP5_LIBCMT/malloc,.rdata,004ca008,004ca020,exact,1
lib/VC6SP5_LIBCMT/floor,.rdata,004ca020,004ca028,exact,1
lib/VC6SP5_LIBCMT/thread,.rdata,004ca030,004ca03c,exact,1
lib/VC6SP5_LIBCMT/wincrt0,.rdata,004ca040,004ca04c,exact,1
lib/VC6SP5_LIBCMT/typinfo,.rdata,004ca04c,004ca054,exact,1
lib/VC6SP5_LIBCMT/stdexcpt,.rdata,004ca054,004ca072,exact,1
lib/VC6SP5_LIBCMT/throw,.rdata,004ca078,004ca098,exact,1
lib/VC6SP5_LIBCMT/ehvecdtr,.rdata,004ca098,004ca0b4,exact,1
lib/VC6SP5_LIBCMT/ehvecctr,.rdata,004ca0b8,004ca0c4,exact,1
lib/VC6SP5_LIBCMT/stat,.rdata,004ca0c4,004ca0eb,exact,1
lib/VC6SP5_LIBCMT/testfdiv,.rdata,004ca0f0,004ca125,exact,1
lib/VC6SP5_LIBCMT/cvt,.rdata,004ca128,004ca12e,exact,1
lib/VC6SP5_LIBCMT/heapinit,.rdata,004ca130,004ca15d,exact,1
lib/VC6SP5_LIBCMT/output,.rdata,004ca160,004ca1d3,exact,1
lib/VC6SP5_LIBCMT/realloc,.rdata,004ca1d8,004ca1f0,exact,1
lib/VC6SP5_LIBCMT/msize,.rdata,004ca1f0,004ca208,exact,1
lib/VC6SP5_LIBCMT/fpexcept,.rdata,004ca208,004ca2bc,exact,1
lib/VC6SP5_LIBCMT/common,.rdata,004ca2c0,004ca304,exact,1
lib/VC6SP5_LIBCMT/crt0msg,.rdata,004ca304,004ca5ef,exact,1
lib/VC6SP5_LIBCMT/sehsupp,.rdata,004ca5f0,004ca5fc,exact,1
lib/VC6SP5_LIBCMT/a_map,.rdata,004ca5fc,004ca620,exact,1
lib/VC6SP5_LIBCMT/calloc,.rdata,004ca620,004ca638,exact,1
lib/VC6SP5_LIBCMT/87cdisp,.rdata,004ca640,004ca670,exact,1
lib/VC6SP5_LIBCMT/frame,.rdata,004ca670,004ca6b4,exact,1
lib/VC6SP5_LIBCMT/hooks,.rdata,004ca6b8,004ca6e8,exact,1
lib/VC6SP5_LIBCMT/a_str,.rdata,004ca6e8,004ca6f4,exact,1
lib/VC6SP5_LIBCMT/tzset,.rdata,004ca734,004ca737,exact,1
lib/VC6SP5_LIBCMT/crtmbox,.rdata,004ca738,004ca773,exact,1
lib/VC6SP5_LIBCMT/x10fout,.rdata,004ca774,004ca793,exact,1
