unit,start,end,confidence
model/animtracker,00401000,00401760,medium
kernel/sys/win/bindmgr,00401760,00401890,medium
kernel/sys/win/binkvideomgrimpl,00401890,00402680,medium
shared/classbind,00402680,00402870,medium
server/classmgr,00402870,00402ef0,high
client/client_filemgr,00403f10,004049c0,medium
client/clientde_impl,004049f0,0040c470,medium
client/sys/win/winclientde_impl,0040c480,0040f4c0,medium
shared/concommand,0041f870,004201f0,medium
shared/conparse,004201f0,004205c0,medium
client/console,004205c0,004206d0,medium
client/sys/win/winconsole_impl,004206d0,00422220,medium
client/consolecommands,00422220,00423880,medium
client/cutil,00425d30,00426af0,medium
kernel/io/sys/win/de_file,00426af0,00427cf0,medium
world/de_mainworld,00427ed0,004285c0,medium
kernel/mem/sys/win/de_memory,0042fdf0,00430010,medium
world/de_objects,004306c0,00430760,medium
client/debuggraphmgr,00430760,004328c0,medium
shared/dhashtable,004335e0,00433d50,medium
shared/sys/win/dstreamopenqueuemgr,00433d50,00434290,medium
kernel/sys/win/dsys_interface,00434290,004352d0,medium
shared/dtxmgr,004352d0,00435960,medium
shared/engine_vars,00436190,004361b0,medium
client/errorlog,004361b0,00436270,medium
shared/ftserv,00437220,00437c10,medium
world/fullintersectline,00437c10,00438fb0,medium
server/game_serialize,00438fb0,0043b0d0,medium
shared/genltstream,0043b0d0,0043b2b0,medium
shared/geomroutines,0043b2b0,0043c000,medium
shared/shared_iltphysics,0043d110,0043d5d0,medium
shared/impl_common,0043d5d0,0043eb70,medium
kernel/sys/win/input,0043eb70,00442130,medium
kernel/sys/win/interface_helpers,00442130,00443080,medium
server/interlink,00443e60,00444280,medium
kernel/sys/win/load_pcx,00446170,004465d0,medium
kernel/net/localdriver,004465d0,00446e50,medium
kernel/sys/win/lt_cursor_impl,00446e50,00447050,high
kernel/sys/win/ltdirectmusic_impl,00447050,0044b260,medium
kernel/sys/win/ltdirectmusiccontrolfile,0044b260,0044b300,medium
kernel/sys/win/ltdirectmusicloader,0044b300,0044c470,medium
kernel/sys/win/lthread,0044c470,0044cc80,medium
sdk/ltquatbase,0044cc80,0044d0c0,medium
client/memorywatch,0044db60,0044db80,medium
model/model,0044db80,00450140,medium
model/model_load,00454100,00457090,medium
model/modelallocations,00457090,004593e0,medium
shared/modellt_impl,004593e0,0045add0,medium
shared/motion,0045c600,0045d000,medium
shared/moveobject,0045d000,00462690,medium
kernel/sys/win/musicdriver,00462690,004627c0,high
kernel/net/netmgr,004627c0,00466530,medium
shared/nexus,00466530,00466630,medium
shared/objectmgr,00466630,00468a70,medium
kernel/net/packet,00469070,00469590,medium
shared/parse_world_info,00469590,00469710,medium
client/particlesystem,00469710,0046a1e0,medium
shared/pixelformat,0046a1e0,0046dc60,high
client/polygrid,0046dc60,0046ddf0,medium
client/predict,0046ddf0,0046ead0,medium
shared/ratetracker,0046ead0,0046eb30,medium
kernel/sys/win/render,0046eb30,0046f6a0,medium
server/s_client,0046fc40,00473760,medium
server/s_concommand,00473760,00473eb0,medium
server/s_intersect,00473eb0,00473ee0,medium
server/s_net,00473ee0,00476e80,medium
server/s_object,00476e80,004781d0,high
server/server_extradata,004781d0,004790c0,medium
server/server_filemgr,004790c0,004795f0,medium
server/serverde_impl,0047b710,00481b70,medium
server/serverevent,00482140,004821c0,medium
server/servermgr,004821c0,004872f0,medium
client/shellnet,0048a7e0,0048e980,medium
server/smoveabstract,0048ec10,0048f250,medium
sound/soundbuffer,0048f250,0048fea0,medium
sound/sounddata,0048fea0,0048ff40,medium
sound/soundinstance,0048ff40,00492570,medium
sound/soundmgr,00492570,00496460,medium
server/soundtrack,00496460,004967e0,high
client/sprite,004967e0,00496b00,high
kernel/sys/win/streamsim,00496cd0,004973d0,medium
kernel/sys/win/stringmgr,004973d0,00497770,medium
kernel/net/sys/win/udpdriver,00497770,0049ac10,medium
kernel/sys/win/text_mgr,0049b460,0049c110,medium
kernel/sys/win/timemgr,0049c110,0049c160,medium
shared/transformlt_impl,0049c160,0049c590,medium
model/transformmaker,0049c590,0049cf50,medium
shared/version_info,0049cf50,0049cfb0,medium
kernel/sys/win/version_resource,0049cfb0,0049d030,medium
kernel/sys/win/videomgr,0049d030,0049d310,medium
kernel/sys/win/smackvideomgrimpl,0049d310,0049e330,medium
sound/wave,0049ec40,0049efd0,medium
