address,name,kind,source_file,evidence,confidence,provenance
1003b520,sb_Init,func,struct_bank,byte-identical code of lib/LT_StdLith/struct_bank from LT_StdLith (tools/libmatch.py),high,crt-lib
1003b570,sb_Init2,func,struct_bank,byte-identical code of lib/LT_StdLith/struct_bank from LT_StdLith (tools/libmatch.py),high,crt-lib
1003b5a0,sb_Term2,func,struct_bank,byte-identical code of lib/LT_StdLith/struct_bank from LT_StdLith (tools/libmatch.py),high,crt-lib
1003b5e0,sb_Term,func,struct_bank,byte-identical code of lib/LT_StdLith/struct_bank from LT_StdLith (tools/libmatch.py),high,crt-lib
1003b5f0,sb_AllocateNewStructPage,func,struct_bank,byte-identical code of lib/LT_StdLith/struct_bank from LT_StdLith (tools/libmatch.py),high,crt-lib
1003b650,l_allocator_$E4,func,l_allocator,byte-identical code of lib/LT_StdLith/l_allocator from LT_StdLith (tools/libmatch.py),high,crt-lib
1003b660,l_allocator_$E1,func,l_allocator,byte-identical code of lib/LT_StdLith/l_allocator from LT_StdLith (tools/libmatch.py),high,crt-lib
1003b670,l_allocator_$E3,func,l_allocator,byte-identical code of lib/LT_StdLith/l_allocator from LT_StdLith (tools/libmatch.py),high,crt-lib
1003b680,l_allocator_$E2,func,l_allocator,byte-identical code of lib/LT_StdLith/l_allocator from LT_StdLith (tools/libmatch.py),high,crt-lib
1003b690,LAlloc::Alloc,func,l_allocator,byte-identical code of lib/LT_StdLith/l_allocator from LT_StdLith (tools/libmatch.py),high,crt-lib
1003b6a0,LAlloc::Free,func,l_allocator,byte-identical code of lib/LT_StdLith/l_allocator from LT_StdLith (tools/libmatch.py),high,crt-lib
1003b6b0,LAlloc::scalar_deleting_destructor,func,l_allocator,byte-identical code of lib/LT_StdLith/l_allocator from LT_StdLith (tools/libmatch.py),high,crt-lib
1003b6d0,MoArray_FindElementMemcmp,func,dynarray,byte-identical code of lib/LT_StdLith/dynarray from LT_StdLith (tools/libmatch.py),high,crt-lib
1003b710,operator_delete,func,delete,byte-identical code of lib/VC6_LIBCMT_1998/delete from VC6_LIBCMT_1998 (tools/libmatch.py),high,crt-lib
1003b71b,__fpmath,func,fpinit,byte-identical code of lib/VC6_LIBCMT_1998/fpinit from VC6_LIBCMT_1998 (tools/libmatch.py),high,crt-lib
1003b732,__cfltcvt_init,func,fpinit,byte-identical code of lib/VC6_LIBCMT_1998/fpinit from VC6_LIBCMT_1998 (tools/libmatch.py),high,crt-lib
1003b76a,__onexit,func,onexit,byte-identical code of lib/VC6_LIBCMT_1998/onexit from VC6_LIBCMT_1998 (tools/libmatch.py),high,crt-lib
1003b7e8,_atexit,func,onexit,byte-identical code of lib/VC6_LIBCMT_1998/onexit from VC6_LIBCMT_1998 (tools/libmatch.py),high,crt-lib
1003b7fa,___onexitinit,func,onexit,byte-identical code of lib/VC6_LIBCMT_1998/onexit from VC6_LIBCMT_1998 (tools/libmatch.py),high,crt-lib
1003b830,__alloca_probe,func,chkstk,byte-identical code of lib/VC6_LIBCMT_1998/chkstk from VC6_LIBCMT_1998 (tools/libmatch.py),high,crt-lib
1003b85f,_fabs,func,fabs,byte-identical code of lib/VC6_LIBCMT_1998/fabs from VC6_LIBCMT_1998 (tools/libmatch.py),high,crt-lib
1003b920,__CIsqrt,func,sqrt,byte-identical code of lib/VC6_LIBCMT_1998/sqrt from VC6_LIBCMT_1998 (tools/libmatch.py),high,crt-lib
1003b934,_sqrt,func,sqrt,byte-identical code of lib/VC6_LIBCMT_1998/sqrt from VC6_LIBCMT_1998 (tools/libmatch.py),high,crt-lib
1003b9dc,__ftol,func,ftol,byte-identical code of lib/VC6_LIBCMT_1998/ftol from VC6_LIBCMT_1998 (tools/libmatch.py),high,crt-lib
1003ba10,__CIsin,func,sin,byte-identical code of lib/VC6_LIBCMT_1998/sin from VC6_LIBCMT_1998 (tools/libmatch.py),high,crt-lib
1003ba24,_sin,func,sin,byte-identical code of lib/VC6_LIBCMT_1998/sin from VC6_LIBCMT_1998 (tools/libmatch.py),high,crt-lib
1003babe,_floor,func,floor,byte-identical code of lib/VC6_LIBCMT_1998/floor from VC6_LIBCMT_1998 (tools/libmatch.py),high,crt-lib
1003bb90,__CItan,func,tan,byte-identical code of lib/VC6_LIBCMT_1998/tan from VC6_LIBCMT_1998 (tools/libmatch.py),high,crt-lib
1003bba4,_tan,func,tan,byte-identical code of lib/VC6_LIBCMT_1998/tan from VC6_LIBCMT_1998 (tools/libmatch.py),high,crt-lib
1003bc50,_memcpy,func,memcpy,byte-identical code of lib/VC6_LIBCMT_1998/memcpy from VC6_LIBCMT_1998 (tools/libmatch.py),high,crt-lib
1003bf90,__CIcos,func,cos,byte-identical code of lib/VC6_LIBCMT_1998/cos from VC6_LIBCMT_1998 (tools/libmatch.py),high,crt-lib
1003bfa4,_cos,func,cos,byte-identical code of lib/VC6_LIBCMT_1998/cos from VC6_LIBCMT_1998 (tools/libmatch.py),high,crt-lib
1003c040,__CIatan,func,atan,byte-identical code of lib/VC6_LIBCMT_1998/atan from VC6_LIBCMT_1998 (tools/libmatch.py),high,crt-lib
1003c054,_atan,func,atan,byte-identical code of lib/VC6_LIBCMT_1998/atan from VC6_LIBCMT_1998 (tools/libmatch.py),high,crt-lib
1003c0e0,_strcmp,func,strcmp,byte-identical code of lib/VC6_LIBCMT_1998/strcmp from VC6_LIBCMT_1998 (tools/libmatch.py),high,crt-lib
1003c170,_memset,func,memset,byte-identical code of lib/VC6_LIBCMT_1998/memset from VC6_LIBCMT_1998 (tools/libmatch.py),high,crt-lib
1003c1d0,_strncpy,func,strncpy,byte-identical code of lib/VC6_LIBCMT_1998/strncpy from VC6_LIBCMT_1998 (tools/libmatch.py),high,crt-lib
1003c2ce,_atol,func,atox,byte-identical code of lib/VC6_LIBCMT_1998/atox from VC6_LIBCMT_1998 (tools/libmatch.py),high,crt-lib
1003c359,_atoi,func,atox,byte-identical code of lib/VC6_LIBCMT_1998/atox from VC6_LIBCMT_1998 (tools/libmatch.py),high,crt-lib
1003c364,_malloc,func,malloc,byte-identical code of lib/VC6_LIBCMT_1998/malloc from VC6_LIBCMT_1998 (tools/libmatch.py),high,crt-lib
1003c376,__nh_malloc,func,malloc,byte-identical code of lib/VC6_LIBCMT_1998/malloc from VC6_LIBCMT_1998 (tools/libmatch.py),high,crt-lib
1003c3a2,__heap_alloc,func,malloc,byte-identical code of lib/VC6_LIBCMT_1998/malloc from VC6_LIBCMT_1998 (tools/libmatch.py),high,crt-lib
1003c3f0,_free,func,free,byte-identical code of lib/VC6_LIBCMT_1998/free from VC6_LIBCMT_1998 (tools/libmatch.py),high,crt-lib
1003c438,__vsnprintf,func,vsnprint,byte-identical code of lib/VC6_LIBCMT_1998/vsnprint from VC6_LIBCMT_1998 (tools/libmatch.py),high,crt-lib
1003c488,_sprintf,func,sprintf,byte-identical code of lib/VC6_LIBCMT_1998/sprintf from VC6_LIBCMT_1998 (tools/libmatch.py),high,crt-lib
1003c4da,_toupper,func,toupper,byte-identical code of lib/VC6_LIBCMT_1998/toupper from VC6_LIBCMT_1998 (tools/libmatch.py),high,crt-lib
1003c549,__toupper_lk,func,toupper,byte-identical code of lib/VC6_LIBCMT_1998/toupper from VC6_LIBCMT_1998 (tools/libmatch.py),high,crt-lib
1003c620,_strlen,func,strlen,byte-identical code of lib/VC6_LIBCMT_1998/strlen from VC6_LIBCMT_1998 (tools/libmatch.py),high,crt-lib
1003c69b,_iscntrl,func,_ctype,byte-identical code of lib/VC6_LIBCMT_1998/_ctype from VC6_LIBCMT_1998 (tools/libmatch.py),high,crt-lib
1003c6d0,__aulldiv,func,ulldiv,byte-identical code of lib/VC6_LIBCMT_1998/ulldiv from VC6_LIBCMT_1998 (tools/libmatch.py),high,crt-lib
1003c740,__alldiv,func,lldiv,byte-identical code of lib/VC6_LIBCMT_1998/lldiv from VC6_LIBCMT_1998 (tools/libmatch.py),high,crt-lib
1003c7f0,__allmul,func,llmul,byte-identical code of lib/VC6_LIBCMT_1998/llmul from VC6_LIBCMT_1998 (tools/libmatch.py),high,crt-lib
1003c824,operator_new,func,new,byte-identical code of lib/VC6_LIBCMT_1998/new from VC6_LIBCMT_1998 (tools/libmatch.py),high,crt-lib
1003c832,_fclose,func,fclose,byte-identical code of lib/VC6_LIBCMT_1998/fclose from VC6_LIBCMT_1998 (tools/libmatch.py),high,crt-lib
1003c863,__fclose_lk,func,fclose,byte-identical code of lib/VC6_LIBCMT_1998/fclose from VC6_LIBCMT_1998 (tools/libmatch.py),high,crt-lib
1003c8af,_fread,func,fread,byte-identical code of lib/VC6_LIBCMT_1998/fread from VC6_LIBCMT_1998 (tools/libmatch.py),high,crt-lib
1003c8de,__fread_lk,func,fread,byte-identical code of lib/VC6_LIBCMT_1998/fread from VC6_LIBCMT_1998 (tools/libmatch.py),high,crt-lib
1003c9c6,__fsopen,func,fopen,byte-identical code of lib/VC6_LIBCMT_1998/fopen from VC6_LIBCMT_1998 (tools/libmatch.py),high,crt-lib
1003c9f7,_fopen,func,fopen,byte-identical code of lib/VC6_LIBCMT_1998/fopen from VC6_LIBCMT_1998 (tools/libmatch.py),high,crt-lib
1003ca0a,__purecall,func,purevirt,byte-identical code of lib/VC6_LIBCMT_1998/purevirt from VC6_LIBCMT_1998 (tools/libmatch.py),high,crt-lib
1003ca13,_fwrite,func,fwrite,byte-identical code of lib/VC6_LIBCMT_1998/fwrite from VC6_LIBCMT_1998 (tools/libmatch.py),high,crt-lib
1003ca42,__fwrite_lk,func,fwrite,byte-identical code of lib/VC6_LIBCMT_1998/fwrite from VC6_LIBCMT_1998 (tools/libmatch.py),high,crt-lib
1003cb50,__CIpow,func,pow,byte-identical code of lib/VC6_LIBCMT_1998/pow from VC6_LIBCMT_1998 (tools/libmatch.py),high,crt-lib
1003cb69,_pow,func,pow,byte-identical code of lib/VC6_LIBCMT_1998/pow from VC6_LIBCMT_1998 (tools/libmatch.py),high,crt-lib
1003cd70,_atan2,func,87ctriga,byte-identical code of lib/VC6_LIBCMT_1998/87ctriga from VC6_LIBCMT_1998 (tools/libmatch.py),high,crt-lib
1003cd90,_strcpy,func,strcat,byte-identical code of lib/VC6_LIBCMT_1998/strcat from VC6_LIBCMT_1998 (tools/libmatch.py),high,crt-lib
1003cda0,_strcat,func,strcat,byte-identical code of lib/VC6_LIBCMT_1998/strcat from VC6_LIBCMT_1998 (tools/libmatch.py),high,crt-lib
1003ce80,__CIacos,func,acos,byte-identical code of lib/VC6_LIBCMT_1998/acos from VC6_LIBCMT_1998 (tools/libmatch.py),high,crt-lib
1003ce94,_acos,func,acos,byte-identical code of lib/VC6_LIBCMT_1998/acos from VC6_LIBCMT_1998 (tools/libmatch.py),high,crt-lib
1003cf4b,__CRT_INIT@12,func,dllcrt0,byte-identical code of lib/VC6_LIBCMT_1998/dllcrt0 from VC6_LIBCMT_1998 (tools/libmatch.py),high,crt-lib
1003d024,__DllMainCRTStartup@12,func,dllcrt0,byte-identical code of lib/VC6_LIBCMT_1998/dllcrt0 from VC6_LIBCMT_1998 (tools/libmatch.py),high,crt-lib
1003d0c1,__amsg_exit,func,dllcrt0,byte-identical code of lib/VC6_LIBCMT_1998/dllcrt0 from VC6_LIBCMT_1998 (tools/libmatch.py),high,crt-lib
1003d0f4,__global_unwind2,func,exsup,byte-identical code of lib/VC6_LIBCMT_1998/exsup from VC6_LIBCMT_1998 (tools/libmatch.py),high,crt-lib
1003d114,__unwind_handler,func,exsup,byte-identical code of lib/VC6_LIBCMT_1998/exsup from VC6_LIBCMT_1998 (tools/libmatch.py),high,crt-lib
1003d136,__local_unwind2,func,exsup,byte-identical code of lib/VC6_LIBCMT_1998/exsup from VC6_LIBCMT_1998 (tools/libmatch.py),high,crt-lib
1003d19e,__abnormal_termination,func,exsup,byte-identical code of lib/VC6_LIBCMT_1998/exsup from VC6_LIBCMT_1998 (tools/libmatch.py),high,crt-lib
1003d1c1,__NLG_Notify1,func,exsup,byte-identical code of lib/VC6_LIBCMT_1998/exsup from VC6_LIBCMT_1998 (tools/libmatch.py),high,crt-lib
1003d1ca,__NLG_Notify,func,exsup,byte-identical code of lib/VC6_LIBCMT_1998/exsup from VC6_LIBCMT_1998 (tools/libmatch.py),high,crt-lib
1003d1e2,__setdefaultprecision,func,fp8,byte-identical code of lib/VC6_LIBCMT_1998/fp8 from VC6_LIBCMT_1998 (tools/libmatch.py),high,crt-lib
1003d1f4,__ms_p5_test_fdiv,func,testfdiv,byte-identical code of lib/VC6_LIBCMT_1998/testfdiv from VC6_LIBCMT_1998 (tools/libmatch.py),high,crt-lib
1003d232,__ms_p5_mp_test_fdiv,func,testfdiv,byte-identical code of lib/VC6_LIBCMT_1998/testfdiv from VC6_LIBCMT_1998 (tools/libmatch.py),high,crt-lib
1003d25b,__forcdecpt,func,cvt,byte-identical code of lib/VC6_LIBCMT_1998/cvt from VC6_LIBCMT_1998 (tools/libmatch.py),high,crt-lib
1003d2b5,__cropzeros,func,cvt,byte-identical code of lib/VC6_LIBCMT_1998/cvt from VC6_LIBCMT_1998 (tools/libmatch.py),high,crt-lib
1003d303,__positive,func,cvt,byte-identical code of lib/VC6_LIBCMT_1998/cvt from VC6_LIBCMT_1998 (tools/libmatch.py),high,crt-lib
1003d31b,__fassign,func,cvt,byte-identical code of lib/VC6_LIBCMT_1998/cvt from VC6_LIBCMT_1998 (tools/libmatch.py),high,crt-lib
1003d359,__cftoe,func,cvt,byte-identical code of lib/VC6_LIBCMT_1998/cvt from VC6_LIBCMT_1998 (tools/libmatch.py),high,crt-lib
1003d3ba,__cftoe2,func,cvt,byte-identical code of lib/VC6_LIBCMT_1998/cvt from VC6_LIBCMT_1998 (tools/libmatch.py),high,crt-lib
1003d47c,__cftof,func,cvt,byte-identical code of lib/VC6_LIBCMT_1998/cvt from VC6_LIBCMT_1998 (tools/libmatch.py),high,crt-lib
1003d4d1,__cftof2,func,cvt,byte-identical code of lib/VC6_LIBCMT_1998/cvt from VC6_LIBCMT_1998 (tools/libmatch.py),high,crt-lib
1003d578,__cftog,func,cvt,byte-identical code of lib/VC6_LIBCMT_1998/cvt from VC6_LIBCMT_1998 (tools/libmatch.py),high,crt-lib
1003d60b,__cfltcvt,func,cvt,byte-identical code of lib/VC6_LIBCMT_1998/cvt from VC6_LIBCMT_1998 (tools/libmatch.py),high,crt-lib
1003d65c,__shift,func,cvt,byte-identical code of lib/VC6_LIBCMT_1998/cvt from VC6_LIBCMT_1998 (tools/libmatch.py),high,crt-lib
1003d681,__cinit,func,crt0dat,byte-identical code of lib/VC6_LIBCMT_1998/crt0dat from VC6_LIBCMT_1998 (tools/libmatch.py),high,crt-lib
1003d6ae,__exit,func,crt0dat,byte-identical code of lib/VC6_LIBCMT_1998/crt0dat from VC6_LIBCMT_1998 (tools/libmatch.py),high,crt-lib
1003d6bf,__cexit,func,crt0dat,byte-identical code of lib/VC6_LIBCMT_1998/crt0dat from VC6_LIBCMT_1998 (tools/libmatch.py),high,crt-lib
1003d6ce,_doexit,func,crt0dat,byte-identical code of lib/VC6_LIBCMT_1998/crt0dat from VC6_LIBCMT_1998 (tools/libmatch.py),high,crt-lib
1003d773,__lockexit,func,crt0dat,byte-identical code of lib/VC6_LIBCMT_1998/crt0dat from VC6_LIBCMT_1998 (tools/libmatch.py),high,crt-lib
1003d77c,__unlockexit,func,crt0dat,byte-identical code of lib/VC6_LIBCMT_1998/crt0dat from VC6_LIBCMT_1998 (tools/libmatch.py),high,crt-lib
1003d785,__initterm,func,crt0dat,byte-identical code of lib/VC6_LIBCMT_1998/crt0dat from VC6_LIBCMT_1998 (tools/libmatch.py),high,crt-lib
1003d79f,_realloc,func,realloc,byte-identical code of lib/VC6_LIBCMT_1998/realloc from VC6_LIBCMT_1998 (tools/libmatch.py),high,crt-lib
1003d8d7,__msize,func,msize,byte-identical code of lib/VC6_LIBCMT_1998/msize from VC6_LIBCMT_1998 (tools/libmatch.py),high,crt-lib
1003d91c,__handle_qnan1,func,fpexcept,byte-identical code of lib/VC6_LIBCMT_1998/fpexcept from VC6_LIBCMT_1998 (tools/libmatch.py),high,crt-lib
1003d970,__except1,func,fpexcept,byte-identical code of lib/VC6_LIBCMT_1998/fpexcept from VC6_LIBCMT_1998 (tools/libmatch.py),high,crt-lib
1003da08,__raise_exc,func,fpexcept,byte-identical code of lib/VC6_LIBCMT_1998/fpexcept from VC6_LIBCMT_1998 (tools/libmatch.py),high,crt-lib
1003dcbb,__handle_exc,func,fpexcept,byte-identical code of lib/VC6_LIBCMT_1998/fpexcept from VC6_LIBCMT_1998 (tools/libmatch.py),high,crt-lib
1003ded2,__umatherr,func,fpexcept,byte-identical code of lib/VC6_LIBCMT_1998/fpexcept from VC6_LIBCMT_1998 (tools/libmatch.py),high,crt-lib
1003df5a,__set_errno,func,fpexcept,byte-identical code of lib/VC6_LIBCMT_1998/fpexcept from VC6_LIBCMT_1998 (tools/libmatch.py),high,crt-lib
1003df82,__get_fname,func,fpexcept,byte-identical code of lib/VC6_LIBCMT_1998/fpexcept from VC6_LIBCMT_1998 (tools/libmatch.py),high,crt-lib
1003dfa7,__errcode,func,fpexcept,byte-identical code of lib/VC6_LIBCMT_1998/fpexcept from VC6_LIBCMT_1998 (tools/libmatch.py),high,crt-lib
1003dfd4,__set_exp,func,util,byte-identical code of lib/VC6_LIBCMT_1998/util from VC6_LIBCMT_1998 (tools/libmatch.py),high,crt-lib
1003dffd,__sptype,func,util,byte-identical code of lib/VC6_LIBCMT_1998/util from VC6_LIBCMT_1998 (tools/libmatch.py),high,crt-lib
1003e057,__decomp,func,util,byte-identical code of lib/VC6_LIBCMT_1998/util from VC6_LIBCMT_1998 (tools/libmatch.py),high,crt-lib
1003e118,__statfp,func,fpctrl,byte-identical code of lib/VC6_LIBCMT_1998/fpctrl from VC6_LIBCMT_1998 (tools/libmatch.py),high,crt-lib
1003e126,__clrfp,func,fpctrl,byte-identical code of lib/VC6_LIBCMT_1998/fpctrl from VC6_LIBCMT_1998 (tools/libmatch.py),high,crt-lib
1003e135,__ctrlfp,func,fpctrl,byte-identical code of lib/VC6_LIBCMT_1998/fpctrl from VC6_LIBCMT_1998 (tools/libmatch.py),high,crt-lib
1003e158,__set_statfp,func,fpctrl,byte-identical code of lib/VC6_LIBCMT_1998/fpctrl from VC6_LIBCMT_1998 (tools/libmatch.py),high,crt-lib
1003e1b0,__trandisp1,func,87disp,byte-identical code of lib/VC6_LIBCMT_1998/87disp from VC6_LIBCMT_1998 (tools/libmatch.py),high,crt-lib
1003e217,__trandisp2,func,87disp,byte-identical code of lib/VC6_LIBCMT_1998/87disp from VC6_LIBCMT_1998 (tools/libmatch.py),high,crt-lib
1003e2b6,__rtzeronpop,func,87disp,byte-identical code of lib/VC6_LIBCMT_1998/87disp from VC6_LIBCMT_1998 (tools/libmatch.py),high,crt-lib
1003e2bb,__rtonepop,func,87disp,byte-identical code of lib/VC6_LIBCMT_1998/87disp from VC6_LIBCMT_1998 (tools/libmatch.py),high,crt-lib
1003e2c2,__tosnan1,func,87disp,byte-identical code of lib/VC6_LIBCMT_1998/87disp from VC6_LIBCMT_1998 (tools/libmatch.py),high,crt-lib
1003e2ed,__nosnan2,func,87disp,byte-identical code of lib/VC6_LIBCMT_1998/87disp from VC6_LIBCMT_1998 (tools/libmatch.py),high,crt-lib
1003e317,__nan2,func,87disp,byte-identical code of lib/VC6_LIBCMT_1998/87disp from VC6_LIBCMT_1998 (tools/libmatch.py),high,crt-lib
1003e356,__rtindfpop,func,87disp,byte-identical code of lib/VC6_LIBCMT_1998/87disp from VC6_LIBCMT_1998 (tools/libmatch.py),high,crt-lib
1003e373,__rtchsifneg,func,87disp,byte-identical code of lib/VC6_LIBCMT_1998/87disp from VC6_LIBCMT_1998 (tools/libmatch.py),high,crt-lib
1003e380,__startTwoArgErrorHandling,func,genexcep,byte-identical code of lib/VC6_LIBCMT_1998/genexcep from VC6_LIBCMT_1998 (tools/libmatch.py),high,crt-lib
1003e397,__startOneArgErrorHandling,func,genexcep,byte-identical code of lib/VC6_LIBCMT_1998/genexcep from VC6_LIBCMT_1998 (tools/libmatch.py),high,crt-lib
1003e3e0,__twoToTOS,func,common,byte-identical code of lib/VC6_LIBCMT_1998/common from VC6_LIBCMT_1998 (tools/libmatch.py),high,crt-lib
1003e3f5,__load_CW,func,common,byte-identical code of lib/VC6_LIBCMT_1998/common from VC6_LIBCMT_1998 (tools/libmatch.py),high,crt-lib
1003e40c,__convertTOStoQNaN,func,common,byte-identical code of lib/VC6_LIBCMT_1998/common from VC6_LIBCMT_1998 (tools/libmatch.py),high,crt-lib
1003e425,__fload_withFB,func,common,byte-identical code of lib/VC6_LIBCMT_1998/common from VC6_LIBCMT_1998 (tools/libmatch.py),high,crt-lib
1003e468,__checkTOS_withFB,func,common,byte-identical code of lib/VC6_LIBCMT_1998/common from VC6_LIBCMT_1998 (tools/libmatch.py),high,crt-lib
1003e47e,__fast_exit,func,common,byte-identical code of lib/VC6_LIBCMT_1998/common from VC6_LIBCMT_1998 (tools/libmatch.py),high,crt-lib
1003e48b,__math_exit,func,common,byte-identical code of lib/VC6_LIBCMT_1998/common from VC6_LIBCMT_1998 (tools/libmatch.py),high,crt-lib
1003e4b5,__check_overflow_exit,func,common,byte-identical code of lib/VC6_LIBCMT_1998/common from VC6_LIBCMT_1998 (tools/libmatch.py),high,crt-lib
1003e4c9,__check_range_exit,func,common,byte-identical code of lib/VC6_LIBCMT_1998/common from VC6_LIBCMT_1998 (tools/libmatch.py),high,crt-lib
1003e56c,__frnd,func,frnd,byte-identical code of lib/VC6_LIBCMT_1998/frnd from VC6_LIBCMT_1998 (tools/libmatch.py),high,crt-lib
1003e57e,__isctype,func,isctype,byte-identical code of lib/VC6_LIBCMT_1998/isctype from VC6_LIBCMT_1998 (tools/libmatch.py),high,crt-lib
1003e5f3,__callnewh,func,handler,byte-identical code of lib/VC6_LIBCMT_1998/handler from VC6_LIBCMT_1998 (tools/libmatch.py),high,crt-lib
1003e60e,__heap_init,func,heapinit,byte-identical code of lib/VC6_LIBCMT_1998/heapinit from VC6_LIBCMT_1998 (tools/libmatch.py),high,crt-lib
1003e64a,__heap_term,func,heapinit,byte-identical code of lib/VC6_LIBCMT_1998/heapinit from VC6_LIBCMT_1998 (tools/libmatch.py),high,crt-lib
1003e6bf,__mtinitlocks,func,mlock,byte-identical code of lib/VC6_LIBCMT_1998/mlock from VC6_LIBCMT_1998 (tools/libmatch.py),high,crt-lib
1003e6e8,__mtdeletelocks,func,mlock,byte-identical code of lib/VC6_LIBCMT_1998/mlock from VC6_LIBCMT_1998 (tools/libmatch.py),high,crt-lib
1003e754,__lock,func,mlock,byte-identical code of lib/VC6_LIBCMT_1998/mlock from VC6_LIBCMT_1998 (tools/libmatch.py),high,crt-lib
1003e7b5,__unlock,func,mlock,byte-identical code of lib/VC6_LIBCMT_1998/mlock from VC6_LIBCMT_1998 (tools/libmatch.py),high,crt-lib
1003e7ca,___sbh_heap_init,func,sbheap,byte-identical code of lib/VC6_LIBCMT_1998/sbheap from VC6_LIBCMT_1998 (tools/libmatch.py),high,crt-lib
1003e808,___sbh_find_block,func,sbheap,byte-identical code of lib/VC6_LIBCMT_1998/sbheap from VC6_LIBCMT_1998 (tools/libmatch.py),high,crt-lib
1003e833,___sbh_free_block,func,sbheap,byte-identical code of lib/VC6_LIBCMT_1998/sbheap from VC6_LIBCMT_1998 (tools/libmatch.py),high,crt-lib
1003eb5e,___sbh_alloc_block,func,sbheap,byte-identical code of lib/VC6_LIBCMT_1998/sbheap from VC6_LIBCMT_1998 (tools/libmatch.py),high,crt-lib
1003ee67,___sbh_alloc_new_region,func,sbheap,byte-identical code of lib/VC6_LIBCMT_1998/sbheap from VC6_LIBCMT_1998 (tools/libmatch.py),high,crt-lib
1003ef18,___sbh_alloc_new_group,func,sbheap,byte-identical code of lib/VC6_LIBCMT_1998/sbheap from VC6_LIBCMT_1998 (tools/libmatch.py),high,crt-lib
1003f013,___sbh_resize_block,func,sbheap,byte-identical code of lib/VC6_LIBCMT_1998/sbheap from VC6_LIBCMT_1998 (tools/libmatch.py),high,crt-lib
1003f309,__flsbuf,func,_flsbuf,byte-identical code of lib/VC6_LIBCMT_1998/_flsbuf from VC6_LIBCMT_1998 (tools/libmatch.py),high,crt-lib
1003f421,__output,func,output,byte-identical code of lib/VC6_LIBCMT_1998/output from VC6_LIBCMT_1998 (tools/libmatch.py),high,crt-lib
1003fb62,_write_char,func,output,byte-identical code of lib/VC6_LIBCMT_1998/output from VC6_LIBCMT_1998 (tools/libmatch.py),high,crt-lib
1003fb97,_write_multi_char,func,output,byte-identical code of lib/VC6_LIBCMT_1998/output from VC6_LIBCMT_1998 (tools/libmatch.py),high,crt-lib
1003fbc8,_write_string,func,output,byte-identical code of lib/VC6_LIBCMT_1998/output from VC6_LIBCMT_1998 (tools/libmatch.py),high,crt-lib
1003fc00,_get_int_arg,func,output,byte-identical code of lib/VC6_LIBCMT_1998/output from VC6_LIBCMT_1998 (tools/libmatch.py),high,crt-lib
1003fc0d,_get_int64_arg,func,output,byte-identical code of lib/VC6_LIBCMT_1998/output from VC6_LIBCMT_1998 (tools/libmatch.py),high,crt-lib
1003fc1d,_get_short_arg,func,output,byte-identical code of lib/VC6_LIBCMT_1998/output from VC6_LIBCMT_1998 (tools/libmatch.py),high,crt-lib
1003fc2b,___crtLCMapStringA,func,a_map,byte-identical code of lib/VC6_LIBCMT_1998/a_map from VC6_LIBCMT_1998 (tools/libmatch.py),high,crt-lib
1003fe4f,_strncnt,func,a_cmp,byte-identical code of lib/VC6_LIBCMT_1998/a_cmp from VC6_LIBCMT_1998 (tools/libmatch.py),high,crt-lib
1003fe7a,___initstdio,func,_file,byte-identical code of lib/VC6_LIBCMT_1998/_file from VC6_LIBCMT_1998 (tools/libmatch.py),high,crt-lib
1003ff22,___endstdio,func,_file,byte-identical code of lib/VC6_LIBCMT_1998/_file from VC6_LIBCMT_1998 (tools/libmatch.py),high,crt-lib
1003ff36,__lock_file,func,_file,byte-identical code of lib/VC6_LIBCMT_1998/_file from VC6_LIBCMT_1998 (tools/libmatch.py),high,crt-lib
1003ff65,__lock_file2,func,_file,byte-identical code of lib/VC6_LIBCMT_1998/_file from VC6_LIBCMT_1998 (tools/libmatch.py),high,crt-lib
1003ff88,__unlock_file,func,_file,byte-identical code of lib/VC6_LIBCMT_1998/_file from VC6_LIBCMT_1998 (tools/libmatch.py),high,crt-lib
1003ffb7,__unlock_file2,func,_file,byte-identical code of lib/VC6_LIBCMT_1998/_file from VC6_LIBCMT_1998 (tools/libmatch.py),high,crt-lib
1003ffda,__close,func,close,byte-identical code of lib/VC6_LIBCMT_1998/close from VC6_LIBCMT_1998 (tools/libmatch.py),high,crt-lib
10040037,__close_lk,func,close,byte-identical code of lib/VC6_LIBCMT_1998/close from VC6_LIBCMT_1998 (tools/libmatch.py),high,crt-lib
100400ba,__freebuf,func,_freebuf,byte-identical code of lib/VC6_LIBCMT_1998/_freebuf from VC6_LIBCMT_1998 (tools/libmatch.py),high,crt-lib
100400e5,__fflush_lk,func,fflush,byte-identical code of lib/VC6_LIBCMT_1998/fflush from VC6_LIBCMT_1998 (tools/libmatch.py),high,crt-lib
10040113,__flush,func,fflush,byte-identical code of lib/VC6_LIBCMT_1998/fflush from VC6_LIBCMT_1998 (tools/libmatch.py),high,crt-lib
1004016f,__flushall,func,fflush,byte-identical code of lib/VC6_LIBCMT_1998/fflush from VC6_LIBCMT_1998 (tools/libmatch.py),high,crt-lib
10040178,_flsall,func,fflush,byte-identical code of lib/VC6_LIBCMT_1998/fflush from VC6_LIBCMT_1998 (tools/libmatch.py),high,crt-lib
1004021c,__filbuf,func,_filbuf,byte-identical code of lib/VC6_LIBCMT_1998/_filbuf from VC6_LIBCMT_1998 (tools/libmatch.py),high,crt-lib
100402f8,__read,func,read,byte-identical code of lib/VC6_LIBCMT_1998/read from VC6_LIBCMT_1998 (tools/libmatch.py),high,crt-lib
1004035d,__read_lk,func,read,byte-identical code of lib/VC6_LIBCMT_1998/read from VC6_LIBCMT_1998 (tools/libmatch.py),high,crt-lib
10040536,__openfile,func,_open,byte-identical code of lib/VC6_LIBCMT_1998/_open from VC6_LIBCMT_1998 (tools/libmatch.py),high,crt-lib
100406a6,__getstream,func,stream,byte-identical code of lib/VC6_LIBCMT_1998/stream from VC6_LIBCMT_1998 (tools/libmatch.py),high,crt-lib
1004076e,__write,func,write,byte-identical code of lib/VC6_LIBCMT_1998/write from VC6_LIBCMT_1998 (tools/libmatch.py),high,crt-lib
100407d3,__write_lk,func,write,byte-identical code of lib/VC6_LIBCMT_1998/write from VC6_LIBCMT_1998 (tools/libmatch.py),high,crt-lib
10040971,__fFEXP,func,87tran,byte-identical code of lib/VC6_LIBCMT_1998/87tran from VC6_LIBCMT_1998 (tools/libmatch.py),high,crt-lib
10040ab1,_rtforexpinf,func,87tran,byte-identical code of lib/VC6_LIBCMT_1998/87tran from VC6_LIBCMT_1998 (tools/libmatch.py),high,crt-lib
10040abe,__ffexpm1,func,87tran,byte-identical code of lib/VC6_LIBCMT_1998/87tran from VC6_LIBCMT_1998 (tools/libmatch.py),high,crt-lib
10040b67,__powhlp,func,powhlp,byte-identical code of lib/VC6_LIBCMT_1998/powhlp from VC6_LIBCMT_1998 (tools/libmatch.py),high,crt-lib
10040c97,__d_inttype,func,powhlp,byte-identical code of lib/VC6_LIBCMT_1998/powhlp from VC6_LIBCMT_1998 (tools/libmatch.py),high,crt-lib
10040d1c,__fFATN2,func,87triga,byte-identical code of lib/VC6_LIBCMT_1998/87triga from VC6_LIBCMT_1998 (tools/libmatch.py),high,crt-lib
10040d6c,__rtpiby2,func,87triga,byte-identical code of lib/VC6_LIBCMT_1998/87triga from VC6_LIBCMT_1998 (tools/libmatch.py),high,crt-lib
10040d75,_rtforatn20,func,87triga,byte-identical code of lib/VC6_LIBCMT_1998/87triga from VC6_LIBCMT_1998 (tools/libmatch.py),high,crt-lib
10040d92,_rtforatnby0,func,87triga,byte-identical code of lib/VC6_LIBCMT_1998/87triga from VC6_LIBCMT_1998 (tools/libmatch.py),high,crt-lib
10040db0,__cintrindisp2,func,87cdisp,byte-identical code of lib/VC6_LIBCMT_1998/87cdisp from VC6_LIBCMT_1998 (tools/libmatch.py),high,crt-lib
10040dee,__cintrindisp1,func,87cdisp,byte-identical code of lib/VC6_LIBCMT_1998/87cdisp from VC6_LIBCMT_1998 (tools/libmatch.py),high,crt-lib
10040e2b,__ctrandisp2,func,87cdisp,byte-identical code of lib/VC6_LIBCMT_1998/87cdisp from VC6_LIBCMT_1998 (tools/libmatch.py),high,crt-lib
10040fab,__ctrandisp1,func,87cdisp,byte-identical code of lib/VC6_LIBCMT_1998/87cdisp from VC6_LIBCMT_1998 (tools/libmatch.py),high,crt-lib
10040fde,__fload,func,87cdisp,byte-identical code of lib/VC6_LIBCMT_1998/87cdisp from VC6_LIBCMT_1998 (tools/libmatch.py),high,crt-lib
1004101a,__mtinit,func,tidtable,byte-identical code of lib/VC6_LIBCMT_1998/tidtable from VC6_LIBCMT_1998 (tools/libmatch.py),high,crt-lib
1004106e,__mtterm,func,tidtable,byte-identical code of lib/VC6_LIBCMT_1998/tidtable from VC6_LIBCMT_1998 (tools/libmatch.py),high,crt-lib
1004108c,__initptd,func,tidtable,byte-identical code of lib/VC6_LIBCMT_1998/tidtable from VC6_LIBCMT_1998 (tools/libmatch.py),high,crt-lib
1004109f,__getptd,func,tidtable,byte-identical code of lib/VC6_LIBCMT_1998/tidtable from VC6_LIBCMT_1998 (tools/libmatch.py),high,crt-lib
10041106,__freeptd,func,tidtable,byte-identical code of lib/VC6_LIBCMT_1998/tidtable from VC6_LIBCMT_1998 (tools/libmatch.py),high,crt-lib
100411a6,__ioinit,func,ioinit,byte-identical code of lib/VC6_LIBCMT_1998/ioinit from VC6_LIBCMT_1998 (tools/libmatch.py),high,crt-lib
10041362,__ioterm,func,ioinit,byte-identical code of lib/VC6_LIBCMT_1998/ioinit from VC6_LIBCMT_1998 (tools/libmatch.py),high,crt-lib
100413b6,__setenvp,func,stdenvp,byte-identical code of lib/VC6_LIBCMT_1998/stdenvp from VC6_LIBCMT_1998 (tools/libmatch.py),high,crt-lib
1004146f,__setargv,func,stdargv,byte-identical code of lib/VC6_LIBCMT_1998/stdargv from VC6_LIBCMT_1998 (tools/libmatch.py),high,crt-lib
10041508,_parse_cmdline,func,stdargv,byte-identical code of lib/VC6_LIBCMT_1998/stdargv from VC6_LIBCMT_1998 (tools/libmatch.py),high,crt-lib
100416bc,___crtGetEnvironmentStringsA,func,a_env,byte-identical code of lib/VC6_LIBCMT_1998/a_env from VC6_LIBCMT_1998 (tools/libmatch.py),high,crt-lib
100417ee,__FF_MSGBANNER,func,crt0msg,byte-identical code of lib/VC6_LIBCMT_1998/crt0msg from VC6_LIBCMT_1998 (tools/libmatch.py),high,crt-lib
10041827,__NMSG_WRITE,func,crt0msg,byte-identical code of lib/VC6_LIBCMT_1998/crt0msg from VC6_LIBCMT_1998 (tools/libmatch.py),high,crt-lib
10041980,__CallSettingFrame@12,func,lowhelpr,byte-identical code of lib/VC6_LIBCMT_1998/lowhelpr from VC6_LIBCMT_1998 (tools/libmatch.py),high,crt-lib
100419cc,terminate,func,hooks,byte-identical code of lib/VC6_LIBCMT_1998/hooks from VC6_LIBCMT_1998 (tools/libmatch.py),high,crt-lib
10041a2d,__control87,func,ieee87,byte-identical code of lib/VC6_LIBCMT_1998/ieee87 from VC6_LIBCMT_1998 (tools/libmatch.py),high,crt-lib
10041a62,__controlfp,func,ieee87,byte-identical code of lib/VC6_LIBCMT_1998/ieee87 from VC6_LIBCMT_1998 (tools/libmatch.py),high,crt-lib
10041a78,__abstract_cw,func,ieee87,byte-identical code of lib/VC6_LIBCMT_1998/ieee87 from VC6_LIBCMT_1998 (tools/libmatch.py),high,crt-lib
10041b0a,__hw_cw,func,ieee87,byte-identical code of lib/VC6_LIBCMT_1998/ieee87 from VC6_LIBCMT_1998 (tools/libmatch.py),high,crt-lib
10041b93,_tolower,func,tolower,byte-identical code of lib/VC6_LIBCMT_1998/tolower from VC6_LIBCMT_1998 (tools/libmatch.py),high,crt-lib
10041c02,__tolower_lk,func,tolower,byte-identical code of lib/VC6_LIBCMT_1998/tolower from VC6_LIBCMT_1998 (tools/libmatch.py),high,crt-lib
10041ccd,__ZeroTail,func,intrncvt,byte-identical code of lib/VC6_LIBCMT_1998/intrncvt from VC6_LIBCMT_1998 (tools/libmatch.py),high,crt-lib
10041d16,__IncMan,func,intrncvt,byte-identical code of lib/VC6_LIBCMT_1998/intrncvt from VC6_LIBCMT_1998 (tools/libmatch.py),high,crt-lib
10041d6c,__RoundMan,func,intrncvt,byte-identical code of lib/VC6_LIBCMT_1998/intrncvt from VC6_LIBCMT_1998 (tools/libmatch.py),high,crt-lib
10041df8,__CopyMan,func,intrncvt,byte-identical code of lib/VC6_LIBCMT_1998/intrncvt from VC6_LIBCMT_1998 (tools/libmatch.py),high,crt-lib
10041e13,__FillZeroMan,func,intrncvt,byte-identical code of lib/VC6_LIBCMT_1998/intrncvt from VC6_LIBCMT_1998 (tools/libmatch.py),high,crt-lib
10041e1f,__IsZeroMan,func,intrncvt,byte-identical code of lib/VC6_LIBCMT_1998/intrncvt from VC6_LIBCMT_1998 (tools/libmatch.py),high,crt-lib
10041e3a,__ShrMan,func,intrncvt,byte-identical code of lib/VC6_LIBCMT_1998/intrncvt from VC6_LIBCMT_1998 (tools/libmatch.py),high,crt-lib
10041ec7,__ld12cvt,func,intrncvt,byte-identical code of lib/VC6_LIBCMT_1998/intrncvt from VC6_LIBCMT_1998 (tools/libmatch.py),high,crt-lib
10042033,__ld12tod,func,intrncvt,byte-identical code of lib/VC6_LIBCMT_1998/intrncvt from VC6_LIBCMT_1998 (tools/libmatch.py),high,crt-lib
10042049,__ld12tof,func,intrncvt,byte-identical code of lib/VC6_LIBCMT_1999/intrncvt from VC6_LIBCMT_1999 (tools/libmatch.py),high,crt-lib
1004205f,__atodbl,func,intrncvt,byte-identical code of lib/VC6_LIBCMT_1998/intrncvt from VC6_LIBCMT_1998 (tools/libmatch.py),high,crt-lib
1004208c,__atoflt,func,intrncvt,byte-identical code of lib/VC6_LIBCMT_1998/intrncvt from VC6_LIBCMT_1998 (tools/libmatch.py),high,crt-lib
100420b9,__fptostr,func,_fptostr,byte-identical code of lib/VC6_LIBCMT_1998/_fptostr from VC6_LIBCMT_1998 (tools/libmatch.py),high,crt-lib
10042130,__fltout2,func,cfout,byte-identical code of lib/VC6_LIBCMT_1998/cfout from VC6_LIBCMT_1998 (tools/libmatch.py),high,crt-lib
1004218c,___dtold,func,cfout,byte-identical code of lib/VC6_LIBCMT_1998/cfout from VC6_LIBCMT_1998 (tools/libmatch.py),high,crt-lib
10042250,_memmove,func,memmove,byte-identical code of lib/VC6_LIBCMT_1998/memmove from VC6_LIBCMT_1998 (tools/libmatch.py),high,crt-lib
10042585,__fptrap,func,crt0fp,byte-identical code of lib/VC6_LIBCMT_1998/crt0fp from VC6_LIBCMT_1998 (tools/libmatch.py),high,crt-lib
1004258e,__dosmaperr,func,dosmap,byte-identical code of lib/VC6_LIBCMT_1998/dosmap from VC6_LIBCMT_1998 (tools/libmatch.py),high,crt-lib
10042601,__errno,func,dosmap,byte-identical code of lib/VC6_LIBCMT_1998/dosmap from VC6_LIBCMT_1998 (tools/libmatch.py),high,crt-lib
1004260a,___doserrno,func,dosmap,byte-identical code of lib/VC6_LIBCMT_1998/dosmap from VC6_LIBCMT_1998 (tools/libmatch.py),high,crt-lib
10042613,__87except,func,87except,byte-identical code of lib/VC6_LIBCMT_1998/87except from VC6_LIBCMT_1998 (tools/libmatch.py),high,crt-lib
100426e3,___crtGetStringTypeA,func,a_str,byte-identical code of lib/VC6_LIBCMT_1998/a_str from VC6_LIBCMT_1998 (tools/libmatch.py),high,crt-lib
1004282c,__lseek,func,lseek,byte-identical code of lib/VC6_LIBCMT_1998/lseek from VC6_LIBCMT_1998 (tools/libmatch.py),high,crt-lib
10042891,__lseek_lk,func,lseek,byte-identical code of lib/VC6_LIBCMT_1998/lseek from VC6_LIBCMT_1998 (tools/libmatch.py),high,crt-lib
10042904,__getbuf,func,_getbuf,byte-identical code of lib/VC6_LIBCMT_1998/_getbuf from VC6_LIBCMT_1998 (tools/libmatch.py),high,crt-lib
10042948,__isatty,func,isatty,byte-identical code of lib/VC6_LIBCMT_1998/isatty from VC6_LIBCMT_1998 (tools/libmatch.py),high,crt-lib
10042971,_wctomb,func,wctomb,byte-identical code of lib/VC6_LIBCMT_1998/wctomb from VC6_LIBCMT_1998 (tools/libmatch.py),high,crt-lib
100429ca,__wctomb_lk,func,wctomb,byte-identical code of lib/VC6_LIBCMT_1998/wctomb from VC6_LIBCMT_1998 (tools/libmatch.py),high,crt-lib
10042a40,__aullrem,func,ullrem,byte-identical code of lib/VC6_LIBCMT_1998/ullrem from VC6_LIBCMT_1998 (tools/libmatch.py),high,crt-lib
10042ac0,_strcspn,func,strcspn,byte-identical code of lib/VC6_LIBCMT_1998/strcspn from VC6_LIBCMT_1998 (tools/libmatch.py),high,crt-lib
10042b00,_strncmp,func,strncmp,byte-identical code of lib/VC6_LIBCMT_1998/strncmp from VC6_LIBCMT_1998 (tools/libmatch.py),high,crt-lib
10042b40,_strpbrk,func,strpbrk,byte-identical code of lib/VC6_LIBCMT_1998/strpbrk from VC6_LIBCMT_1998 (tools/libmatch.py),high,crt-lib
10042b84,__except_handler3,func,exsup3,byte-identical code of lib/VC6_LIBCMT_1998/exsup3 from VC6_LIBCMT_1998 (tools/libmatch.py),high,crt-lib
10042c41,__seh_longjmp_unwind@4,func,exsup3,byte-identical code of lib/VC6_LIBCMT_1998/exsup3 from VC6_LIBCMT_1998 (tools/libmatch.py),high,crt-lib
10042c5c,_calloc,func,calloc,byte-identical code of lib/VC6_LIBCMT_1998/calloc from VC6_LIBCMT_1998 (tools/libmatch.py),high,crt-lib
10042ce9,__fcloseall,func,closeall,byte-identical code of lib/VC6_LIBCMT_1998/closeall from VC6_LIBCMT_1998 (tools/libmatch.py),high,crt-lib
10042d6a,__alloc_osfhnd,func,osfinfo,byte-identical code of lib/VC6_LIBCMT_1998/osfinfo from VC6_LIBCMT_1998 (tools/libmatch.py),high,crt-lib
10042e8d,__set_osfhnd,func,osfinfo,byte-identical code of lib/VC6_LIBCMT_1998/osfinfo from VC6_LIBCMT_1998 (tools/libmatch.py),high,crt-lib
10042f09,__free_osfhnd,func,osfinfo,byte-identical code of lib/VC6_LIBCMT_1998/osfinfo from VC6_LIBCMT_1998 (tools/libmatch.py),high,crt-lib
10042f88,__get_osfhandle,func,osfinfo,byte-identical code of lib/VC6_LIBCMT_1998/osfinfo from VC6_LIBCMT_1998 (tools/libmatch.py),high,crt-lib
10042fca,__lock_fhandle,func,osfinfo,byte-identical code of lib/VC6_LIBCMT_1998/osfinfo from VC6_LIBCMT_1998 (tools/libmatch.py),high,crt-lib
10043029,__unlock_fhandle,func,osfinfo,byte-identical code of lib/VC6_LIBCMT_1998/osfinfo from VC6_LIBCMT_1998 (tools/libmatch.py),high,crt-lib
1004304b,__commit,func,commit,byte-identical code of lib/VC6_LIBCMT_1998/commit from VC6_LIBCMT_1998 (tools/libmatch.py),high,crt-lib
100430de,__sopen,func,open,byte-identical code of lib/VC6_LIBCMT_1998/open from VC6_LIBCMT_1998 (tools/libmatch.py),high,crt-lib
100433b0,_fdiv_main_routine,func,adj_fdiv,byte-identical code of lib/VC6_LIBCMT_1998/adj_fdiv from VC6_LIBCMT_1998 (tools/libmatch.py),high,crt-lib
100434c7,__adj_fdiv_r,func,adj_fdiv,byte-identical code of lib/VC6_LIBCMT_1998/adj_fdiv from VC6_LIBCMT_1998 (tools/libmatch.py),high,crt-lib
100434d4,label0,func,adj_fdiv,byte-identical code of lib/VC6_LIBCMT_1998/adj_fdiv from VC6_LIBCMT_1998 (tools/libmatch.py),high,crt-lib
100434da,label1,func,adj_fdiv,byte-identical code of lib/VC6_LIBCMT_1998/adj_fdiv from VC6_LIBCMT_1998 (tools/libmatch.py),high,crt-lib
100434e5,label3,func,adj_fdiv,byte-identical code of lib/VC6_LIBCMT_1998/adj_fdiv from VC6_LIBCMT_1998 (tools/libmatch.py),high,crt-lib
100434f0,label5,func,adj_fdiv,byte-identical code of lib/VC6_LIBCMT_1998/adj_fdiv from VC6_LIBCMT_1998 (tools/libmatch.py),high,crt-lib
100434f6,label6,func,adj_fdiv,byte-identical code of lib/VC6_LIBCMT_1998/adj_fdiv from VC6_LIBCMT_1998 (tools/libmatch.py),high,crt-lib
100434fc,label7,func,adj_fdiv,byte-identical code of lib/VC6_LIBCMT_1998/adj_fdiv from VC6_LIBCMT_1998 (tools/libmatch.py),high,crt-lib
10043502,label8,func,adj_fdiv,byte-identical code of lib/VC6_LIBCMT_1998/adj_fdiv from VC6_LIBCMT_1998 (tools/libmatch.py),high,crt-lib
1004351e,label9,func,adj_fdiv,byte-identical code of lib/VC6_LIBCMT_1998/adj_fdiv from VC6_LIBCMT_1998 (tools/libmatch.py),high,crt-lib
10043539,label11,func,adj_fdiv,byte-identical code of lib/VC6_LIBCMT_1998/adj_fdiv from VC6_LIBCMT_1998 (tools/libmatch.py),high,crt-lib
1004355a,label13,func,adj_fdiv,byte-identical code of lib/VC6_LIBCMT_1998/adj_fdiv from VC6_LIBCMT_1998 (tools/libmatch.py),high,crt-lib
1004356a,label14,func,adj_fdiv,byte-identical code of lib/VC6_LIBCMT_1998/adj_fdiv from VC6_LIBCMT_1998 (tools/libmatch.py),high,crt-lib
1004357e,label15,func,adj_fdiv,byte-identical code of lib/VC6_LIBCMT_1998/adj_fdiv from VC6_LIBCMT_1998 (tools/libmatch.py),high,crt-lib
1004358e,label16,func,adj_fdiv,byte-identical code of lib/VC6_LIBCMT_1998/adj_fdiv from VC6_LIBCMT_1998 (tools/libmatch.py),high,crt-lib
100435ae,label17,func,adj_fdiv,byte-identical code of lib/VC6_LIBCMT_1998/adj_fdiv from VC6_LIBCMT_1998 (tools/libmatch.py),high,crt-lib
100435cd,label19,func,adj_fdiv,byte-identical code of lib/VC6_LIBCMT_1998/adj_fdiv from VC6_LIBCMT_1998 (tools/libmatch.py),high,crt-lib
100435f2,label21,func,adj_fdiv,byte-identical code of lib/VC6_LIBCMT_1998/adj_fdiv from VC6_LIBCMT_1998 (tools/libmatch.py),high,crt-lib
10043606,label22,func,adj_fdiv,byte-identical code of lib/VC6_LIBCMT_1998/adj_fdiv from VC6_LIBCMT_1998 (tools/libmatch.py),high,crt-lib
1004361e,label23,func,adj_fdiv,byte-identical code of lib/VC6_LIBCMT_1998/adj_fdiv from VC6_LIBCMT_1998 (tools/libmatch.py),high,crt-lib
10043632,label24,func,adj_fdiv,byte-identical code of lib/VC6_LIBCMT_1998/adj_fdiv from VC6_LIBCMT_1998 (tools/libmatch.py),high,crt-lib
10043652,label25,func,adj_fdiv,byte-identical code of lib/VC6_LIBCMT_1998/adj_fdiv from VC6_LIBCMT_1998 (tools/libmatch.py),high,crt-lib
10043671,label27,func,adj_fdiv,byte-identical code of lib/VC6_LIBCMT_1998/adj_fdiv from VC6_LIBCMT_1998 (tools/libmatch.py),high,crt-lib
10043696,label29,func,adj_fdiv,byte-identical code of lib/VC6_LIBCMT_1998/adj_fdiv from VC6_LIBCMT_1998 (tools/libmatch.py),high,crt-lib
100436aa,label30,func,adj_fdiv,byte-identical code of lib/VC6_LIBCMT_1998/adj_fdiv from VC6_LIBCMT_1998 (tools/libmatch.py),high,crt-lib
100436c2,label31,func,adj_fdiv,byte-identical code of lib/VC6_LIBCMT_1998/adj_fdiv from VC6_LIBCMT_1998 (tools/libmatch.py),high,crt-lib
100436d6,label32,func,adj_fdiv,byte-identical code of lib/VC6_LIBCMT_1998/adj_fdiv from VC6_LIBCMT_1998 (tools/libmatch.py),high,crt-lib
100436f6,label33,func,adj_fdiv,byte-identical code of lib/VC6_LIBCMT_1998/adj_fdiv from VC6_LIBCMT_1998 (tools/libmatch.py),high,crt-lib
10043715,label35,func,adj_fdiv,byte-identical code of lib/VC6_LIBCMT_1998/adj_fdiv from VC6_LIBCMT_1998 (tools/libmatch.py),high,crt-lib
1004373a,label37,func,adj_fdiv,byte-identical code of lib/VC6_LIBCMT_1998/adj_fdiv from VC6_LIBCMT_1998 (tools/libmatch.py),high,crt-lib
1004374e,label38,func,adj_fdiv,byte-identical code of lib/VC6_LIBCMT_1998/adj_fdiv from VC6_LIBCMT_1998 (tools/libmatch.py),high,crt-lib
10043766,label39,func,adj_fdiv,byte-identical code of lib/VC6_LIBCMT_1998/adj_fdiv from VC6_LIBCMT_1998 (tools/libmatch.py),high,crt-lib
1004377a,label40,func,adj_fdiv,byte-identical code of lib/VC6_LIBCMT_1998/adj_fdiv from VC6_LIBCMT_1998 (tools/libmatch.py),high,crt-lib
1004379a,label41,func,adj_fdiv,byte-identical code of lib/VC6_LIBCMT_1998/adj_fdiv from VC6_LIBCMT_1998 (tools/libmatch.py),high,crt-lib
100437b9,label43,func,adj_fdiv,byte-identical code of lib/VC6_LIBCMT_1998/adj_fdiv from VC6_LIBCMT_1998 (tools/libmatch.py),high,crt-lib
100437de,label45,func,adj_fdiv,byte-identical code of lib/VC6_LIBCMT_1998/adj_fdiv from VC6_LIBCMT_1998 (tools/libmatch.py),high,crt-lib
100437f2,label46,func,adj_fdiv,byte-identical code of lib/VC6_LIBCMT_1998/adj_fdiv from VC6_LIBCMT_1998 (tools/libmatch.py),high,crt-lib
1004380a,label47,func,adj_fdiv,byte-identical code of lib/VC6_LIBCMT_1998/adj_fdiv from VC6_LIBCMT_1998 (tools/libmatch.py),high,crt-lib
1004381e,label48,func,adj_fdiv,byte-identical code of lib/VC6_LIBCMT_1998/adj_fdiv from VC6_LIBCMT_1998 (tools/libmatch.py),high,crt-lib
1004383e,label49,func,adj_fdiv,byte-identical code of lib/VC6_LIBCMT_1998/adj_fdiv from VC6_LIBCMT_1998 (tools/libmatch.py),high,crt-lib
1004385d,label51,func,adj_fdiv,byte-identical code of lib/VC6_LIBCMT_1998/adj_fdiv from VC6_LIBCMT_1998 (tools/libmatch.py),high,crt-lib
10043882,label53,func,adj_fdiv,byte-identical code of lib/VC6_LIBCMT_1998/adj_fdiv from VC6_LIBCMT_1998 (tools/libmatch.py),high,crt-lib
10043896,label54,func,adj_fdiv,byte-identical code of lib/VC6_LIBCMT_1998/adj_fdiv from VC6_LIBCMT_1998 (tools/libmatch.py),high,crt-lib
100438ae,label55,func,adj_fdiv,byte-identical code of lib/VC6_LIBCMT_1998/adj_fdiv from VC6_LIBCMT_1998 (tools/libmatch.py),high,crt-lib
100438c2,label56,func,adj_fdiv,byte-identical code of lib/VC6_LIBCMT_1998/adj_fdiv from VC6_LIBCMT_1998 (tools/libmatch.py),high,crt-lib
100438e2,label57,func,adj_fdiv,byte-identical code of lib/VC6_LIBCMT_1998/adj_fdiv from VC6_LIBCMT_1998 (tools/libmatch.py),high,crt-lib
10043901,label59,func,adj_fdiv,byte-identical code of lib/VC6_LIBCMT_1998/adj_fdiv from VC6_LIBCMT_1998 (tools/libmatch.py),high,crt-lib
10043926,label61,func,adj_fdiv,byte-identical code of lib/VC6_LIBCMT_1998/adj_fdiv from VC6_LIBCMT_1998 (tools/libmatch.py),high,crt-lib
1004393a,label62,func,adj_fdiv,byte-identical code of lib/VC6_LIBCMT_1998/adj_fdiv from VC6_LIBCMT_1998 (tools/libmatch.py),high,crt-lib
10043952,label63,func,adj_fdiv,byte-identical code of lib/VC6_LIBCMT_1998/adj_fdiv from VC6_LIBCMT_1998 (tools/libmatch.py),high,crt-lib
10043966,__fdivp_sti_st,func,adj_fdiv,byte-identical code of lib/VC6_LIBCMT_1998/adj_fdiv from VC6_LIBCMT_1998 (tools/libmatch.py),high,crt-lib
10043979,__fdivrp_sti_st,func,adj_fdiv,byte-identical code of lib/VC6_LIBCMT_1998/adj_fdiv from VC6_LIBCMT_1998 (tools/libmatch.py),high,crt-lib
1004398c,__adj_fdiv_m32,func,adj_fdiv,byte-identical code of lib/VC6_LIBCMT_1998/adj_fdiv from VC6_LIBCMT_1998 (tools/libmatch.py),high,crt-lib
100439d8,__adj_fdiv_m64,func,adj_fdiv,byte-identical code of lib/VC6_LIBCMT_1998/adj_fdiv from VC6_LIBCMT_1998 (tools/libmatch.py),high,crt-lib
10043a24,__adj_fdiv_m16i,func,adj_fdiv,byte-identical code of lib/VC6_LIBCMT_1998/adj_fdiv from VC6_LIBCMT_1998 (tools/libmatch.py),high,crt-lib
10043a58,__adj_fdiv_m32i,func,adj_fdiv,byte-identical code of lib/VC6_LIBCMT_1998/adj_fdiv from VC6_LIBCMT_1998 (tools/libmatch.py),high,crt-lib
10043a8c,__adj_fdivr_m32,func,adj_fdiv,byte-identical code of lib/VC6_LIBCMT_1998/adj_fdiv from VC6_LIBCMT_1998 (tools/libmatch.py),high,crt-lib
10043ad8,__adj_fdivr_m64,func,adj_fdiv,byte-identical code of lib/VC6_LIBCMT_1998/adj_fdiv from VC6_LIBCMT_1998 (tools/libmatch.py),high,crt-lib
10043b24,__adj_fdivr_m16i,func,adj_fdiv,byte-identical code of lib/VC6_LIBCMT_1998/adj_fdiv from VC6_LIBCMT_1998 (tools/libmatch.py),high,crt-lib
10043b58,__adj_fdivr_m32i,func,adj_fdiv,byte-identical code of lib/VC6_LIBCMT_1998/adj_fdiv from VC6_LIBCMT_1998 (tools/libmatch.py),high,crt-lib
10043b8c,__safe_fdiv,func,adj_fdiv,byte-identical code of lib/VC6_LIBCMT_1998/adj_fdiv from VC6_LIBCMT_1998 (tools/libmatch.py),high,crt-lib
10043ba1,__safe_fdivr,func,adj_fdiv,byte-identical code of lib/VC6_LIBCMT_1998/adj_fdiv from VC6_LIBCMT_1998 (tools/libmatch.py),high,crt-lib
10043bb6,__fprem_common,func,adj_fdiv,byte-identical code of lib/VC6_LIBCMT_1998/adj_fdiv from VC6_LIBCMT_1998 (tools/libmatch.py),high,crt-lib
10043dbc,__adj_fprem,func,adj_fdiv,byte-identical code of lib/VC6_LIBCMT_1998/adj_fdiv from VC6_LIBCMT_1998 (tools/libmatch.py),high,crt-lib
10043e6e,__fprem1_common,func,adj_fdiv,byte-identical code of lib/VC6_LIBCMT_1998/adj_fdiv from VC6_LIBCMT_1998 (tools/libmatch.py),high,crt-lib
10044074,__adj_fprem1,func,adj_fdiv,byte-identical code of lib/VC6_LIBCMT_1998/adj_fdiv from VC6_LIBCMT_1998 (tools/libmatch.py),high,crt-lib
10044129,__safe_fprem,func,adj_fdiv,byte-identical code of lib/VC6_LIBCMT_1998/adj_fdiv from VC6_LIBCMT_1998 (tools/libmatch.py),high,crt-lib
1004412f,__safe_fprem1,func,adj_fdiv,byte-identical code of lib/VC6_LIBCMT_1998/adj_fdiv from VC6_LIBCMT_1998 (tools/libmatch.py),high,crt-lib
10044135,__adj_fpatan,func,adj_fdiv,byte-identical code of lib/VC6_LIBCMT_1998/adj_fdiv from VC6_LIBCMT_1998 (tools/libmatch.py),high,crt-lib
10044138,__adj_fptan,func,adj_fdiv,byte-identical code of lib/VC6_LIBCMT_1998/adj_fdiv from VC6_LIBCMT_1998 (tools/libmatch.py),high,crt-lib
1004413b,__fpclass,func,ieeemisc,byte-identical code of lib/VC6_LIBCMT_1998/ieeemisc from VC6_LIBCMT_1998 (tools/libmatch.py),high,crt-lib
100441cd,___strgtold12,func,strgtold,byte-identical code of lib/VC6_LIBCMT_1998/strgtold from VC6_LIBCMT_1998 (tools/libmatch.py),high,crt-lib
1004469e,__setmbcp,func,mbctype,byte-identical code of lib/VC6_LIBCMT_1998/mbctype from VC6_LIBCMT_1998 (tools/libmatch.py),high,crt-lib
1004484b,_getSystemCP,func,mbctype,byte-identical code of lib/VC6_LIBCMT_1998/mbctype from VC6_LIBCMT_1998 (tools/libmatch.py),high,crt-lib
10044895,_CPtoLCID,func,mbctype,byte-identical code of lib/VC6_LIBCMT_1998/mbctype from VC6_LIBCMT_1998 (tools/libmatch.py),high,crt-lib
100448c8,_setSBCS,func,mbctype,byte-identical code of lib/VC6_LIBCMT_1998/mbctype from VC6_LIBCMT_1998 (tools/libmatch.py),high,crt-lib
100448f1,_setSBUpLow,func,mbctype,byte-identical code of lib/VC6_LIBCMT_1998/mbctype from VC6_LIBCMT_1998 (tools/libmatch.py),high,crt-lib
10044a76,___initmbctable,func,mbctype,byte-identical code of lib/VC6_LIBCMT_1998/mbctype from VC6_LIBCMT_1998 (tools/libmatch.py),high,crt-lib
10044a92,___crtMessageBoxA,func,crtmbox,byte-identical code of lib/VC6_LIBCMT_1998/crtmbox from VC6_LIBCMT_1998 (tools/libmatch.py),high,crt-lib
10044b1b,__CxxUnhandledExceptionFilter,func,unhandld,byte-identical code of lib/VC6_LIBCMT_1998/unhandld from VC6_LIBCMT_1998 (tools/libmatch.py),high,crt-lib
10044b61,__CxxSetUnhandledExceptionFilter,func,unhandld,byte-identical code of lib/VC6_LIBCMT_1998/unhandld from VC6_LIBCMT_1998 (tools/libmatch.py),high,crt-lib
10044b72,__CxxRestoreUnhandledExceptionFilter,func,unhandld,byte-identical code of lib/VC6_LIBCMT_1998/unhandld from VC6_LIBCMT_1998 (tools/libmatch.py),high,crt-lib
10044b7f,_ValidateExecute,func,validate,byte-identical code of lib/VC6_LIBCMT_1998/validate from VC6_LIBCMT_1998 (tools/libmatch.py),high,crt-lib
10044b97,_abort,func,abort,byte-identical code of lib/VC6_LIBCMT_1998/abort from VC6_LIBCMT_1998 (tools/libmatch.py),high,crt-lib
10044bae,_raise,func,winsig,byte-identical code of lib/VC6_LIBCMT_1998/winsig from VC6_LIBCMT_1998 (tools/libmatch.py),high,crt-lib
10044d30,_siglookup,func,winsig,byte-identical code of lib/VC6_LIBCMT_1998/winsig from VC6_LIBCMT_1998 (tools/libmatch.py),high,crt-lib
10044d6d,___addl,func,mantold,byte-identical code of lib/VC6_LIBCMT_1998/mantold from VC6_LIBCMT_1998 (tools/libmatch.py),high,crt-lib
10044d8e,___add_12,func,mantold,byte-identical code of lib/VC6_LIBCMT_1998/mantold from VC6_LIBCMT_1998 (tools/libmatch.py),high,crt-lib
10044dec,___shl_12,func,mantold,byte-identical code of lib/VC6_LIBCMT_1998/mantold from VC6_LIBCMT_1998 (tools/libmatch.py),high,crt-lib
10044e1a,___shr_12,func,mantold,byte-identical code of lib/VC6_LIBCMT_1998/mantold from VC6_LIBCMT_1998 (tools/libmatch.py),high,crt-lib
10044e47,___mtold12,func,mantold,byte-identical code of lib/VC6_LIBCMT_1998/mantold from VC6_LIBCMT_1998 (tools/libmatch.py),high,crt-lib
10044f0e,_$I10_OUTPUT,func,x10fout,byte-identical code of lib/VC6_LIBCMT_1998/x10fout from VC6_LIBCMT_1998 (tools/libmatch.py),high,crt-lib
100451b0,__strcmpi,func,stricmp,byte-identical code of lib/VC6_LIBCMT_1998/stricmp from VC6_LIBCMT_1998 (tools/libmatch.py),high,crt-lib
10045280,__strnicmp,func,strnicmp,byte-identical code of lib/VC6_LIBCMT_1998/strnicmp from VC6_LIBCMT_1998 (tools/libmatch.py),high,crt-lib
10045381,__chsize_lk,func,chsize,byte-identical code of lib/VC6_LIBCMT_1998/chsize from VC6_LIBCMT_1998 (tools/libmatch.py),high,crt-lib
100454a6,___ld12mul,func,tenpow,byte-identical code of lib/VC6_LIBCMT_1998/tenpow from VC6_LIBCMT_1998 (tools/libmatch.py),high,crt-lib
100456c6,___multtenpow12,func,tenpow,byte-identical code of lib/VC6_LIBCMT_1998/tenpow from VC6_LIBCMT_1998 (tools/libmatch.py),high,crt-lib
10045742,__setmode_lk,func,setmode,byte-identical code of lib/VC6_LIBCMT_1998/setmode from VC6_LIBCMT_1998 (tools/libmatch.py),high,crt-lib
100464e0,__real@8@3fff8000000000000000,data,fabs,byte-identical code of lib/VC6_LIBCMT_1998/fabs from VC6_LIBCMT_1998 (tools/libmatch.py),high,crt-lib
1004664c,LAlloc::vftable,data,l_allocator,byte-identical code of lib/LT_StdLith/l_allocator from LT_StdLith (tools/libmatch.py),high,crt-lib
10046658,__real@8@4015800bf60000000000,data,testfdiv,byte-identical code of lib/VC6_LIBCMT_1998/testfdiv from VC6_LIBCMT_1998 (tools/libmatch.py),high,crt-lib
10046660,__real@8@4014bffffc0000000000,data,testfdiv,byte-identical code of lib/VC6_LIBCMT_1998/testfdiv from VC6_LIBCMT_1998 (tools/libmatch.py),high,crt-lib
10046668,string,data,testfdiv,byte-identical code of lib/VC6_LIBCMT_1998/testfdiv from VC6_LIBCMT_1998 (tools/libmatch.py),high,crt-lib
10046684,string,data,testfdiv,byte-identical code of lib/VC6_LIBCMT_1998/testfdiv from VC6_LIBCMT_1998 (tools/libmatch.py),high,crt-lib
10046690,__real@8@00000000000000000000,data,cvt,byte-identical code of lib/VC6_LIBCMT_1998/cvt from VC6_LIBCMT_1998 (tools/libmatch.py),high,crt-lib
10046698,string,data,cvt,byte-identical code of lib/VC6_LIBCMT_1998/cvt from VC6_LIBCMT_1998 (tools/libmatch.py),high,crt-lib
100466a0,string,data,fpexcept,byte-identical code of lib/VC6_LIBCMT_1998/fpexcept from VC6_LIBCMT_1998 (tools/libmatch.py),high,crt-lib
100466a4,string,data,fpexcept,byte-identical code of lib/VC6_LIBCMT_1998/fpexcept from VC6_LIBCMT_1998 (tools/libmatch.py),high,crt-lib
100466a8,string,data,fpexcept,byte-identical code of lib/VC6_LIBCMT_1998/fpexcept from VC6_LIBCMT_1998 (tools/libmatch.py),high,crt-lib
100466ac,string,data,fpexcept,byte-identical code of lib/VC6_LIBCMT_1998/fpexcept from VC6_LIBCMT_1998 (tools/libmatch.py),high,crt-lib
100466b4,string,data,fpexcept,byte-identical code of lib/VC6_LIBCMT_1998/fpexcept from VC6_LIBCMT_1998 (tools/libmatch.py),high,crt-lib
100466bc,string,data,fpexcept,byte-identical code of lib/VC6_LIBCMT_1998/fpexcept from VC6_LIBCMT_1998 (tools/libmatch.py),high,crt-lib
100466c4,string,data,fpexcept,byte-identical code of lib/VC6_LIBCMT_1998/fpexcept from VC6_LIBCMT_1998 (tools/libmatch.py),high,crt-lib
100466cc,string,data,fpexcept,byte-identical code of lib/VC6_LIBCMT_1998/fpexcept from VC6_LIBCMT_1998 (tools/libmatch.py),high,crt-lib
100466d4,string,data,fpexcept,byte-identical code of lib/VC6_LIBCMT_1998/fpexcept from VC6_LIBCMT_1998 (tools/libmatch.py),high,crt-lib
100466dc,string,data,fpexcept,byte-identical code of lib/VC6_LIBCMT_1998/fpexcept from VC6_LIBCMT_1998 (tools/libmatch.py),high,crt-lib
100466e4,string,data,fpexcept,byte-identical code of lib/VC6_LIBCMT_1998/fpexcept from VC6_LIBCMT_1998 (tools/libmatch.py),high,crt-lib
100466ec,string,data,fpexcept,byte-identical code of lib/VC6_LIBCMT_1998/fpexcept from VC6_LIBCMT_1998 (tools/libmatch.py),high,crt-lib
100466f4,string,data,fpexcept,byte-identical code of lib/VC6_LIBCMT_1998/fpexcept from VC6_LIBCMT_1998 (tools/libmatch.py),high,crt-lib
100466f8,string,data,fpexcept,byte-identical code of lib/VC6_LIBCMT_1998/fpexcept from VC6_LIBCMT_1998 (tools/libmatch.py),high,crt-lib
100466fc,string,data,fpexcept,byte-identical code of lib/VC6_LIBCMT_1998/fpexcept from VC6_LIBCMT_1998 (tools/libmatch.py),high,crt-lib
10046700,string,data,fpexcept,byte-identical code of lib/VC6_LIBCMT_1998/fpexcept from VC6_LIBCMT_1998 (tools/libmatch.py),high,crt-lib
10046708,string,data,fpexcept,byte-identical code of lib/VC6_LIBCMT_1998/fpexcept from VC6_LIBCMT_1998 (tools/libmatch.py),high,crt-lib
10046710,string,data,fpexcept,byte-identical code of lib/VC6_LIBCMT_1998/fpexcept from VC6_LIBCMT_1998 (tools/libmatch.py),high,crt-lib
10046718,string,data,fpexcept,byte-identical code of lib/VC6_LIBCMT_1998/fpexcept from VC6_LIBCMT_1998 (tools/libmatch.py),high,crt-lib
10046720,string,data,fpexcept,byte-identical code of lib/VC6_LIBCMT_1998/fpexcept from VC6_LIBCMT_1998 (tools/libmatch.py),high,crt-lib
10046728,string,data,fpexcept,byte-identical code of lib/VC6_LIBCMT_1998/fpexcept from VC6_LIBCMT_1998 (tools/libmatch.py),high,crt-lib
10046730,string,data,fpexcept,byte-identical code of lib/VC6_LIBCMT_1998/fpexcept from VC6_LIBCMT_1998 (tools/libmatch.py),high,crt-lib
10046738,string,data,fpexcept,byte-identical code of lib/VC6_LIBCMT_1998/fpexcept from VC6_LIBCMT_1998 (tools/libmatch.py),high,crt-lib
10046740,string,data,fpexcept,byte-identical code of lib/VC6_LIBCMT_1998/fpexcept from VC6_LIBCMT_1998 (tools/libmatch.py),high,crt-lib
10046748,string,data,fpexcept,byte-identical code of lib/VC6_LIBCMT_1998/fpexcept from VC6_LIBCMT_1998 (tools/libmatch.py),high,crt-lib
1004674c,string,data,fpexcept,byte-identical code of lib/VC6_LIBCMT_1998/fpexcept from VC6_LIBCMT_1998 (tools/libmatch.py),high,crt-lib
10046750,string,data,fpexcept,byte-identical code of lib/VC6_LIBCMT_1998/fpexcept from VC6_LIBCMT_1998 (tools/libmatch.py),high,crt-lib
10046760,One,data,common,byte-identical code of lib/VC6_LIBCMT_1998/common from VC6_LIBCMT_1998 (tools/libmatch.py),high,crt-lib
10046768,__DEFAULT_CW_in_mem,data,common,byte-identical code of lib/VC6_LIBCMT_1998/common from VC6_LIBCMT_1998 (tools/libmatch.py),high,crt-lib
1004676a,__pi_by_2_to_61,data,common,byte-identical code of lib/VC6_LIBCMT_1998/common from VC6_LIBCMT_1998 (tools/libmatch.py),high,crt-lib
10046774,DblMax,data,common,byte-identical code of lib/VC6_LIBCMT_1998/common from VC6_LIBCMT_1998 (tools/libmatch.py),high,crt-lib
1004677c,DblMin,data,common,byte-identical code of lib/VC6_LIBCMT_1998/common from VC6_LIBCMT_1998 (tools/libmatch.py),high,crt-lib
10046784,IeeeAdjO,data,common,byte-identical code of lib/VC6_LIBCMT_1998/common from VC6_LIBCMT_1998 (tools/libmatch.py),high,crt-lib
1004678c,IeeeAdjU,data,common,byte-identical code of lib/VC6_LIBCMT_1998/common from VC6_LIBCMT_1998 (tools/libmatch.py),high,crt-lib
10046794,_infinity,data,common,byte-identical code of lib/VC6_LIBCMT_1998/common from VC6_LIBCMT_1998 (tools/libmatch.py),high,crt-lib
1004679c,_zero,data,common,byte-identical code of lib/VC6_LIBCMT_1998/common from VC6_LIBCMT_1998 (tools/libmatch.py),high,crt-lib
100467a4,___lookuptable,data,output,byte-identical code of lib/VC6_LIBCMT_1998/output from VC6_LIBCMT_1998 (tools/libmatch.py),high,crt-lib
10046800,string,data,output,byte-identical code of lib/VC6_LIBCMT_1998/output from VC6_LIBCMT_1998 (tools/libmatch.py),high,crt-lib
10046810,string,data,output,byte-identical code of lib/VC6_LIBCMT_1998/output from VC6_LIBCMT_1998 (tools/libmatch.py),high,crt-lib
10046818,string,data,a_cmp,byte-identical code of lib/VC6_LIBCMT_1998/a_cmp from VC6_LIBCMT_1998 (tools/libmatch.py),high,crt-lib
1004681c,string,data,a_cmp,byte-identical code of lib/VC6_LIBCMT_1998/a_cmp from VC6_LIBCMT_1998 (tools/libmatch.py),high,crt-lib
10046838,__real@8@40008000000000000000,data,powhlp,byte-identical code of lib/VC6_LIBCMT_1998/powhlp from VC6_LIBCMT_1998 (tools/libmatch.py),high,crt-lib
10046840,DblMax,data,87cdisp,byte-identical code of lib/VC6_LIBCMT_1998/87cdisp from VC6_LIBCMT_1998 (tools/libmatch.py),high,crt-lib
10046848,DblMin,data,87cdisp,byte-identical code of lib/VC6_LIBCMT_1998/87cdisp from VC6_LIBCMT_1998 (tools/libmatch.py),high,crt-lib
10046850,IeeeAdjO,data,87cdisp,byte-identical code of lib/VC6_LIBCMT_1998/87cdisp from VC6_LIBCMT_1998 (tools/libmatch.py),high,crt-lib
10046858,IeeeAdjU,data,87cdisp,byte-identical code of lib/VC6_LIBCMT_1998/87cdisp from VC6_LIBCMT_1998 (tools/libmatch.py),high,crt-lib
10046860,_infinity,data,87cdisp,byte-identical code of lib/VC6_LIBCMT_1998/87cdisp from VC6_LIBCMT_1998 (tools/libmatch.py),high,crt-lib
10046868,_zero,data,87cdisp,byte-identical code of lib/VC6_LIBCMT_1998/87cdisp from VC6_LIBCMT_1998 (tools/libmatch.py),high,crt-lib
10046870,string,data,crt0msg,byte-identical code of lib/VC6_LIBCMT_1998/crt0msg from VC6_LIBCMT_1998 (tools/libmatch.py),high,crt-lib
10046880,string,data,crt0msg,byte-identical code of lib/VC6_LIBCMT_1998/crt0msg from VC6_LIBCMT_1998 (tools/libmatch.py),high,crt-lib
10046884,string,data,crt0msg,byte-identical code of lib/VC6_LIBCMT_1998/crt0msg from VC6_LIBCMT_1998 (tools/libmatch.py),high,crt-lib
10046894,string,data,crt0msg,byte-identical code of lib/VC6_LIBCMT_1998/crt0msg from VC6_LIBCMT_1998 (tools/libmatch.py),high,crt-lib
100468a4,string,data,crt0msg,byte-identical code of lib/VC6_LIBCMT_1998/crt0msg from VC6_LIBCMT_1998 (tools/libmatch.py),high,crt-lib
100468b4,string,data,crt0msg,byte-identical code of lib/VC6_LIBCMT_1998/crt0msg from VC6_LIBCMT_1998 (tools/libmatch.py),high,crt-lib
100468dc,string,data,crt0msg,byte-identical code of lib/VC6_LIBCMT_1998/crt0msg from VC6_LIBCMT_1998 (tools/libmatch.py),high,crt-lib
10046914,string,data,crt0msg,byte-identical code of lib/VC6_LIBCMT_1998/crt0msg from VC6_LIBCMT_1998 (tools/libmatch.py),high,crt-lib
1004694c,string,data,crt0msg,byte-identical code of lib/VC6_LIBCMT_1998/crt0msg from VC6_LIBCMT_1998 (tools/libmatch.py),high,crt-lib
10046974,string,data,crt0msg,byte-identical code of lib/VC6_LIBCMT_1998/crt0msg from VC6_LIBCMT_1998 (tools/libmatch.py),high,crt-lib
100469ac,string,data,crt0msg,byte-identical code of lib/VC6_LIBCMT_1998/crt0msg from VC6_LIBCMT_1998 (tools/libmatch.py),high,crt-lib
100469d8,string,data,crt0msg,byte-identical code of lib/VC6_LIBCMT_1998/crt0msg from VC6_LIBCMT_1998 (tools/libmatch.py),high,crt-lib
100469fc,string,data,crt0msg,byte-identical code of lib/VC6_LIBCMT_1998/crt0msg from VC6_LIBCMT_1998 (tools/libmatch.py),high,crt-lib
10046a2c,string,data,crt0msg,byte-identical code of lib/VC6_LIBCMT_1998/crt0msg from VC6_LIBCMT_1998 (tools/libmatch.py),high,crt-lib
10046a58,string,data,crt0msg,byte-identical code of lib/VC6_LIBCMT_1998/crt0msg from VC6_LIBCMT_1998 (tools/libmatch.py),high,crt-lib
10046a7c,string,data,crt0msg,byte-identical code of lib/VC6_LIBCMT_1998/crt0msg from VC6_LIBCMT_1998 (tools/libmatch.py),high,crt-lib
10046aa8,string,data,crt0msg,byte-identical code of lib/VC6_LIBCMT_1998/crt0msg from VC6_LIBCMT_1998 (tools/libmatch.py),high,crt-lib
10046ad4,string,data,crt0msg,byte-identical code of lib/VC6_LIBCMT_1998/crt0msg from VC6_LIBCMT_1998 (tools/libmatch.py),high,crt-lib
10046afc,string,data,crt0msg,byte-identical code of lib/VC6_LIBCMT_1998/crt0msg from VC6_LIBCMT_1998 (tools/libmatch.py),high,crt-lib
10046b24,string,data,crt0msg,byte-identical code of lib/VC6_LIBCMT_1998/crt0msg from VC6_LIBCMT_1998 (tools/libmatch.py),high,crt-lib
10046b28,string,data,crt0msg,byte-identical code of lib/VC6_LIBCMT_1998/crt0msg from VC6_LIBCMT_1998 (tools/libmatch.py),high,crt-lib
10046b44,string,data,crt0msg,byte-identical code of lib/VC6_LIBCMT_1998/crt0msg from VC6_LIBCMT_1998 (tools/libmatch.py),high,crt-lib
10046b48,string,data,crt0msg,byte-identical code of lib/VC6_LIBCMT_1998/crt0msg from VC6_LIBCMT_1998 (tools/libmatch.py),high,crt-lib
10046b84,string,data,crtmbox,byte-identical code of lib/VC6_LIBCMT_1998/crtmbox from VC6_LIBCMT_1998 (tools/libmatch.py),high,crt-lib
10046b98,string,data,crtmbox,byte-identical code of lib/VC6_LIBCMT_1998/crtmbox from VC6_LIBCMT_1998 (tools/libmatch.py),high,crt-lib
10046ba8,string,data,crtmbox,byte-identical code of lib/VC6_LIBCMT_1998/crtmbox from VC6_LIBCMT_1998 (tools/libmatch.py),high,crt-lib
10046bb4,string,data,crtmbox,byte-identical code of lib/VC6_LIBCMT_1998/crtmbox from VC6_LIBCMT_1998 (tools/libmatch.py),high,crt-lib
10046bc0,string,data,x10fout,byte-identical code of lib/VC6_LIBCMT_1998/x10fout from VC6_LIBCMT_1998 (tools/libmatch.py),high,crt-lib
10046bc8,string,data,x10fout,byte-identical code of lib/VC6_LIBCMT_1998/x10fout from VC6_LIBCMT_1998 (tools/libmatch.py),high,crt-lib
10046bd0,string,data,x10fout,byte-identical code of lib/VC6_LIBCMT_1998/x10fout from VC6_LIBCMT_1998 (tools/libmatch.py),high,crt-lib
10046bd8,string,data,x10fout,byte-identical code of lib/VC6_LIBCMT_1998/x10fout from VC6_LIBCMT_1998 (tools/libmatch.py),high,crt-lib
1004c238,__fltused,data,fpinit,byte-identical code of lib/VC6_LIBCMT_1998/fpinit from VC6_LIBCMT_1998 (tools/libmatch.py),high,crt-lib
1004c23c,__ldused,data,fpinit,byte-identical code of lib/VC6_LIBCMT_1998/fpinit from VC6_LIBCMT_1998 (tools/libmatch.py),high,crt-lib
1004c240,__FPinit,data,fpinit,byte-identical code of lib/VC6_LIBCMT_1998/fpinit from VC6_LIBCMT_1998 (tools/libmatch.py),high,crt-lib
1004c244,__FPmtinit,data,fpinit,byte-identical code of lib/VC6_LIBCMT_1998/fpinit from VC6_LIBCMT_1998 (tools/libmatch.py),high,crt-lib
1004c248,__FPmtterm,data,fpinit,byte-identical code of lib/VC6_LIBCMT_1998/fpinit from VC6_LIBCMT_1998 (tools/libmatch.py),high,crt-lib
1004c250,_NAME_,data,sqrt,byte-identical code of lib/VC6_LIBCMT_1998/sqrt from VC6_LIBCMT_1998 (tools/libmatch.py),high,crt-lib
1004c260,_NAME_,data,sin,byte-identical code of lib/VC6_LIBCMT_1998/sin from VC6_LIBCMT_1998 (tools/libmatch.py),high,crt-lib
1004c264,_newcw,data,floor,byte-identical code of lib/VC6_LIBCMT_1998/floor from VC6_LIBCMT_1998 (tools/libmatch.py),high,crt-lib
1004c270,_NAME_,data,tan,byte-identical code of lib/VC6_LIBCMT_1998/tan from VC6_LIBCMT_1998 (tools/libmatch.py),high,crt-lib
1004c280,_NAME_,data,cos,byte-identical code of lib/VC6_LIBCMT_1998/cos from VC6_LIBCMT_1998 (tools/libmatch.py),high,crt-lib
1004c290,_NAME_,data,atan,byte-identical code of lib/VC6_LIBCMT_1998/atan from VC6_LIBCMT_1998 (tools/libmatch.py),high,crt-lib
1004c2a0,__half,data,pow,byte-identical code of lib/VC6_LIBCMT_1998/pow from VC6_LIBCMT_1998 (tools/libmatch.py),high,crt-lib
1004c2a8,POW_name,data,pow,byte-identical code of lib/VC6_LIBCMT_1998/pow from VC6_LIBCMT_1998 (tools/libmatch.py),high,crt-lib
1004c2b0,_NAME_,data,acos,byte-identical code of lib/VC6_LIBCMT_1998/acos from VC6_LIBCMT_1998 (tools/libmatch.py),high,crt-lib
1004c2b8,__aexit_rtn,data,dllcrt0,byte-identical code of lib/VC6_LIBCMT_1998/dllcrt0 from VC6_LIBCMT_1998 (tools/libmatch.py),high,crt-lib
1004c2bc,__NLG_Destination,data,exsup,byte-identical code of lib/VC6_LIBCMT_1998/exsup from VC6_LIBCMT_1998 (tools/libmatch.py),high,crt-lib
1004c2e8,_?_names@?1??_get_fname@@9@9,data,fpexcept,byte-identical code of lib/VC6_LIBCMT_1998/fpexcept from VC6_LIBCMT_1998 (tools/libmatch.py),high,crt-lib
1004c3c0,__d_inf,data,util,byte-identical code of lib/VC6_LIBCMT_1998/util from VC6_LIBCMT_1998 (tools/libmatch.py),high,crt-lib
1004c3c8,__d_ind,data,util,byte-identical code of lib/VC6_LIBCMT_1998/util from VC6_LIBCMT_1998 (tools/libmatch.py),high,crt-lib
1004c3d0,__d_max,data,util,byte-identical code of lib/VC6_LIBCMT_1998/util from VC6_LIBCMT_1998 (tools/libmatch.py),high,crt-lib
1004c3d8,__d_min,data,util,byte-identical code of lib/VC6_LIBCMT_1998/util from VC6_LIBCMT_1998 (tools/libmatch.py),high,crt-lib
1004c3e0,__d_mzero,data,util,byte-identical code of lib/VC6_LIBCMT_1998/util from VC6_LIBCMT_1998 (tools/libmatch.py),high,crt-lib
1004c3e8,_over,data,fpctrl,byte-identical code of lib/VC6_LIBCMT_1998/fpctrl from VC6_LIBCMT_1998 (tools/libmatch.py),high,crt-lib
1004c3f4,_under,data,fpctrl,byte-identical code of lib/VC6_LIBCMT_1998/fpctrl from VC6_LIBCMT_1998 (tools/libmatch.py),high,crt-lib
1004c400,__indefinite,data,87disp,byte-identical code of lib/VC6_LIBCMT_1998/87disp from VC6_LIBCMT_1998 (tools/libmatch.py),high,crt-lib
1004c40a,__piby2,data,87disp,byte-identical code of lib/VC6_LIBCMT_1998/87disp from VC6_LIBCMT_1998 (tools/libmatch.py),high,crt-lib
1004c414,One,data,87disp,byte-identical code of lib/VC6_LIBCMT_1998/87disp from VC6_LIBCMT_1998 (tools/libmatch.py),high,crt-lib
1004c41c,XAMtoTagTab,data,87disp,byte-identical code of lib/VC6_LIBCMT_1998/87disp from VC6_LIBCMT_1998 (tools/libmatch.py),high,crt-lib
1004c64c,__locktable,data,mlock,byte-identical code of lib/VC6_LIBCMT_1998/mlock from VC6_LIBCMT_1998 (tools/libmatch.py),high,crt-lib
1004c70c,___sbh_threshold,data,sbheap,byte-identical code of lib/VC6_LIBCMT_1998/sbheap from VC6_LIBCMT_1998 (tools/libmatch.py),high,crt-lib
1004c710,___nullstring,data,output,byte-identical code of lib/VC6_LIBCMT_1998/output from VC6_LIBCMT_1998 (tools/libmatch.py),high,crt-lib
1004c714,___wnullstring,data,output,byte-identical code of lib/VC6_LIBCMT_1998/output from VC6_LIBCMT_1998 (tools/libmatch.py),high,crt-lib
1004c828,__iob,data,_file,byte-identical code of lib/VC6_LIBCMT_1998/_file from VC6_LIBCMT_1998 (tools/libmatch.py),high,crt-lib
1004cab0,__infinity,data,87tran,byte-identical code of lib/VC6_LIBCMT_1998/87tran from VC6_LIBCMT_1998 (tools/libmatch.py),high,crt-lib
1004caba,__minfinity,data,87tran,byte-identical code of lib/VC6_LIBCMT_1998/87tran from VC6_LIBCMT_1998 (tools/libmatch.py),high,crt-lib
1004cac4,__logemax,data,87tran,byte-identical code of lib/VC6_LIBCMT_1998/87tran from VC6_LIBCMT_1998 (tools/libmatch.py),high,crt-lib
1004cace,_log2max,data,87tran,byte-identical code of lib/VC6_LIBCMT_1998/87tran from VC6_LIBCMT_1998 (tools/libmatch.py),high,crt-lib
1004cae2,_half,data,87tran,byte-identical code of lib/VC6_LIBCMT_1998/87tran from VC6_LIBCMT_1998 (tools/libmatch.py),high,crt-lib
1004caea,__OP_EXPjmptab,data,87tran,byte-identical code of lib/VC6_LIBCMT_1998/87tran from VC6_LIBCMT_1998 (tools/libmatch.py),high,crt-lib
1004cb10,__OP_ATAN2jmptab,data,87triga,byte-identical code of lib/VC6_LIBCMT_1998/87triga from VC6_LIBCMT_1998 (tools/libmatch.py),high,crt-lib
1004cb60,___tlsindex,data,tidtable,byte-identical code of lib/VC6_LIBCMT_1998/tidtable from VC6_LIBCMT_1998 (tools/libmatch.py),high,crt-lib
1004cb68,___badioinfo,data,ioinit,byte-identical code of lib/VC6_LIBCMT_1998/ioinit from VC6_LIBCMT_1998 (tools/libmatch.py),high,crt-lib
1004cb90,_rterrs,data,crt0msg,byte-identical code of lib/VC6_LIBCMT_1998/crt0msg from VC6_LIBCMT_1998 (tools/libmatch.py),high,crt-lib
1004cc38,_DoubleFormat,data,intrncvt,byte-identical code of lib/VC6_LIBCMT_1998/intrncvt from VC6_LIBCMT_1998 (tools/libmatch.py),high,crt-lib
1004cc50,_FloatFormat,data,intrncvt,byte-identical code of lib/VC6_LIBCMT_1998/intrncvt from VC6_LIBCMT_1998 (tools/libmatch.py),high,crt-lib
1004cc70,_errtable,data,dosmap,byte-identical code of lib/VC6_LIBCMT_1998/dosmap from VC6_LIBCMT_1998 (tools/libmatch.py),high,crt-lib
1004cde0,fdiv_risc_table,data,adj_fdiv,byte-identical code of lib/VC6_LIBCMT_1998/adj_fdiv from VC6_LIBCMT_1998 (tools/libmatch.py),high,crt-lib
1004cdf0,fdiv_scale_1,data,adj_fdiv,byte-identical code of lib/VC6_LIBCMT_1998/adj_fdiv from VC6_LIBCMT_1998 (tools/libmatch.py),high,crt-lib
1004cdf4,fdiv_scale_2,data,adj_fdiv,byte-identical code of lib/VC6_LIBCMT_1998/adj_fdiv from VC6_LIBCMT_1998 (tools/libmatch.py),high,crt-lib
1004cdf8,one_shl_63,data,adj_fdiv,byte-identical code of lib/VC6_LIBCMT_1998/adj_fdiv from VC6_LIBCMT_1998 (tools/libmatch.py),high,crt-lib
1004cdfc,fprem_risc_table,data,adj_fdiv,byte-identical code of lib/VC6_LIBCMT_1998/adj_fdiv from VC6_LIBCMT_1998 (tools/libmatch.py),high,crt-lib
1004ce14,one_shl_64,data,adj_fdiv,byte-identical code of lib/VC6_LIBCMT_1998/adj_fdiv from VC6_LIBCMT_1998 (tools/libmatch.py),high,crt-lib
1004ce1c,one_shr_64,data,adj_fdiv,byte-identical code of lib/VC6_LIBCMT_1998/adj_fdiv from VC6_LIBCMT_1998 (tools/libmatch.py),high,crt-lib
1004ce2c,half,data,adj_fdiv,byte-identical code of lib/VC6_LIBCMT_1998/adj_fdiv from VC6_LIBCMT_1998 (tools/libmatch.py),high,crt-lib
1004ce34,big_number,data,adj_fdiv,byte-identical code of lib/VC6_LIBCMT_1998/adj_fdiv from VC6_LIBCMT_1998 (tools/libmatch.py),high,crt-lib
1004ce3e,dispatch_table,data,adj_fdiv,byte-identical code of lib/VC6_LIBCMT_1998/adj_fdiv from VC6_LIBCMT_1998 (tools/libmatch.py),high,crt-lib
1004cfc8,___rgctypeflag,data,mbctype,byte-identical code of lib/VC6_LIBCMT_1998/mbctype from VC6_LIBCMT_1998 (tools/libmatch.py),high,crt-lib
1004cfd0,___rgcode_page_info,data,mbctype,byte-identical code of lib/VC6_LIBCMT_1998/mbctype from VC6_LIBCMT_1998 (tools/libmatch.py),high,crt-lib
10093b90,___proc_attached,data,dllcrt0,byte-identical code of lib/VC6_LIBCMT_1998/dllcrt0 from VC6_LIBCMT_1998 (tools/libmatch.py),high,crt-lib
10093b94,__aenvptr,data,dllcrt0,byte-identical code of lib/VC6_LIBCMT_1998/dllcrt0 from VC6_LIBCMT_1998 (tools/libmatch.py),high,crt-lib
10093b98,__wenvptr,data,dllcrt0,byte-identical code of lib/VC6_LIBCMT_1998/dllcrt0 from VC6_LIBCMT_1998 (tools/libmatch.py),high,crt-lib
10093b9c,___error_mode,data,dllcrt0,byte-identical code of lib/VC6_LIBCMT_1998/dllcrt0 from VC6_LIBCMT_1998 (tools/libmatch.py),high,crt-lib
10093ba0,___app_type,data,dllcrt0,byte-identical code of lib/VC6_LIBCMT_1998/dllcrt0 from VC6_LIBCMT_1998 (tools/libmatch.py),high,crt-lib
10093bf0,_sigcritsect,data,mlock,byte-identical code of lib/VC6_LIBCMT_1998/mlock from VC6_LIBCMT_1998 (tools/libmatch.py),high,crt-lib
10093c08,_ltlcritsect,data,mlock,byte-identical code of lib/VC6_LIBCMT_1998/mlock from VC6_LIBCMT_1998 (tools/libmatch.py),high,crt-lib
10093c20,_hlcritsect,data,mlock,byte-identical code of lib/VC6_LIBCMT_1998/mlock from VC6_LIBCMT_1998 (tools/libmatch.py),high,crt-lib
10093c38,_xlcritsect,data,mlock,byte-identical code of lib/VC6_LIBCMT_1998/mlock from VC6_LIBCMT_1998 (tools/libmatch.py),high,crt-lib
10093c7c,_?f_use@?1??__crtLCMapStringA@@9@9,data,a_map,byte-identical code of lib/VC6_LIBCMT_1998/a_map from VC6_LIBCMT_1998 (tools/libmatch.py),high,crt-lib
10093c84,_?_pgmname@?1??_setargv@@9@9,data,stdargv,byte-identical code of lib/VC6_LIBCMT_1998/stdargv from VC6_LIBCMT_1998 (tools/libmatch.py),high,crt-lib
10093d88,_?f_use@?1??__crtGetEnvironmentStringsA@@9@9,data,a_env,byte-identical code of lib/VC6_LIBCMT_1998/a_env from VC6_LIBCMT_1998 (tools/libmatch.py),high,crt-lib
10093d90,_?f_use@?1??__crtGetStringTypeA@@9@9,data,a_str,byte-identical code of lib/VC6_LIBCMT_1998/a_str from VC6_LIBCMT_1998 (tools/libmatch.py),high,crt-lib
10093dfc,_fSystemSet,data,mbctype,byte-identical code of lib/VC6_LIBCMT_1998/mbctype from VC6_LIBCMT_1998 (tools/libmatch.py),high,crt-lib
10093e00,_?pfnMessageBoxA@?1??__crtMessageBoxA@@9@9,data,crtmbox,byte-identical code of lib/VC6_LIBCMT_1998/crtmbox from VC6_LIBCMT_1998 (tools/libmatch.py),high,crt-lib
10093e04,_?pfnGetActiveWindow@?1??__crtMessageBoxA@@9@9,data,crtmbox,byte-identical code of lib/VC6_LIBCMT_1998/crtmbox from VC6_LIBCMT_1998 (tools/libmatch.py),high,crt-lib
10093e08,_?pfnGetLastActivePopup@?1??__crtMessageBoxA@@9@9,data,crtmbox,byte-identical code of lib/VC6_LIBCMT_1998/crtmbox from VC6_LIBCMT_1998 (tools/libmatch.py),high,crt-lib
10093e0c,_pOldExceptFilter,data,unhandld,byte-identical code of lib/VC6_LIBCMT_1998/unhandld from VC6_LIBCMT_1998 (tools/libmatch.py),high,crt-lib
10093e10,_ctrlc_action,data,winsig,byte-identical code of lib/VC6_LIBCMT_1998/winsig from VC6_LIBCMT_1998 (tools/libmatch.py),high,crt-lib
10093e14,_ctrlbreak_action,data,winsig,byte-identical code of lib/VC6_LIBCMT_1998/winsig from VC6_LIBCMT_1998 (tools/libmatch.py),high,crt-lib
10093e18,_abort_action,data,winsig,byte-identical code of lib/VC6_LIBCMT_1998/winsig from VC6_LIBCMT_1998 (tools/libmatch.py),high,crt-lib
10093e1c,_term_action,data,winsig,byte-identical code of lib/VC6_LIBCMT_1998/winsig from VC6_LIBCMT_1998 (tools/libmatch.py),high,crt-lib
10093e20,_ConsoleCtrlHandler_Installed,data,winsig,byte-identical code of lib/VC6_LIBCMT_1998/winsig from VC6_LIBCMT_1998 (tools/libmatch.py),high,crt-lib
