start,end,unit,kind,flags,language,functions,bytes,static_init_entries,name_conf,start_conf,end_conf,evidence,flag_scan,note
10001000,100062e0,unk/10001000,A,/O2 /Ob2,C++,49,21216,12,none,hard,high,"AP,TAIL(vtable COMDATs 0x10006140..),XCUBSS(hash-ordered anchors mixed with late-function bss vars),CALLS",Ob2-only _$E: 12,"model vertex-buffer pools + ConVars + vertex fillers + TL/0x28 polygon clip dispatchers (0x10001530, 0x10001b30) + ModelDraw piece callbacks; ??_H at 0x10001000 is the first copy linked. names_proposal labels it drawmodel (low), but all four Jupiter drawmodel.cpp functions are in the P object at 0x100241e0."
100062e0,10007930,unk/100062e0,A,/O2 /Ob2,C++ (template instances),9,5712,0,none,high,hard,"AP,TAIL,COMMONBSS(8 template-instance statics bInside[56])",insensitive,"really-close projection FUN_100062e0 + 8 out-of-line plane clippers (4 for 0x20-byte, 4 for 0x28-byte vertices)."
10007930,10008cd0,unk/10007930,P,/O1 /Ob2,C++,25,5024,0,none,hard,hard,"AP,FIRSTCALLER(Inverse/Apply4x4/MagSqr/MatVMul_InPlace_H follow first callers),COMMONBSS(0x100088ec/0x10008a23 instances)",insensitive,"poly node pool, d3d_SetTexture copy, 0x28-byte clip dispatcher 0x10008779 + 2 instances, 4 DOCLIP helpers at the end (0x10008b58..); possible but unproven split at 0x10008b58 (helpers are only called from drawmodelshadows)."
10008cd0,100098d0,sys/d3d/drawparticles,A,/O2 /Ob2,C++,7,3072,1,medium,hard,hard,"AP,JUP(d3d_DrawParticleSystem/d3d_DrawParticleBatch),BSSBLOCK(0x1004ffc0..0x100513dc private block)",Ob2-only _$E: 1,MatMul / d3d_SetupTransformation / LTVector::Init COMDAT copies follow their first caller 0x10008ce0.
100098d0,1000b349,unk/100098d0,P,/O1 /Ob2,C++,43,6777,7,none,hard,high,"AP,BSSCUT(p=5.6e-9: boundary in (0x1000ac8a,0x1000b349]),FIRSTCALLER(0x1000b0cd/0x1000b20c instances follow 0x1000afb1),XCU",Ob1-only fn: 0x1000a2a7,"world poly drawing (detail/lightmap batches), D3D7 state wrappers, StageStateSet COMDATs, polygon clip/project dispatchers 0x1000af16..0x1000b20c. 0x1000a2a7 matches only with the StageStateSet ctor/dtor calls kept out of line (Ob1-only in the scan; inline-budget effect, not a flag difference)."
1000b349,1000f160,sys/d3d/setupmodel,P,/O1 /Ob2,C++,132,15895,16,high,high,hard,"AP,JUP(function order = Jupiter setupmodel.cpp),BSSCUT,TAIL(CMoArray<ushort/TLVertex/LTMatrix> 0x1000e09f..0x1000f148),XCUBSS(15 hash-ordered anchors)",Ob1-only fn: 0x1000b7af; Ob1-only _$E: 1; Ob2-only _$E: 1,ModelDraw global + 14 ConVars + SetupModelLight etc. The ModelDraw wrapper 0x1000b349 matches only at Ob2 (normal P-object shape) while the ctor 0x1000b7af and _$E27 match only at Ob1: not a boundary (section 4); candidate fix: define the ctor in the class body as the original header did.
1000f160,1000f3a0,sys/d3d/3d_ops,A,/O2 /Ob2,C++,4,576,2,high,hard,hard,"AP,JUP(d3d_CalcLightAdd is the first function of Jupiter 3d_ops.cpp, same body)",Ob2-only _$E: 2,"NearZ/ReallyCloseNearZ ConVars, ViewParams fog helper, d3d_CalcLightAdd."
1000f3a0,1001094c,sys/d3d/common_draw,P,/O1 /Ob2,C++,24,5548,6,high,hard,high,"AP,JUP(IncrementFrameCode,SetupPerspectiveMatrix,SetupSkyStuff,InitFrame in Jupiter order),BSSCUT(last user 0x10010800 | next block >= 0x100577c0),XCU(5 empty wrappers + ViewParams at start)",Ob2-only _$E: 6,begins with 5 one-byte empty static initialisers + the ViewParams initialiser.
1001094c,1001116b,sys/d3d/common_init,P,/O1 /Ob2,C++,16,2079,2,high,high,high,"JUP(d3d_Init,..GetSupportedModes,FreeModeList,RenderDLLSetup in Jupiter order),XCU(DeviceList/ScreenFormat wrappers at start),BSS(p=2.5e-4 vs ConVar block)",Ob2-only _$E: 2,DDPFToPFormat (engine cutil copy) and r_GetBufferFormatOfSurface sit inside; the names_proposal d3d_utils/d3d_init labels for them are not separate objects.
1001116b,10012ef4,sys/d3d/common_stuff,P,/O1 /Ob2,C++,187,7561,88,high,high,medium,"JUP(AddDebugMessage,MaybeCreateCVar,CreateConsoleVariables,ReadConsoleVariables),XCUBSS(88 hash-ordered ConVars = one object, proven),flags Ob2",Ob2-only _$E: 88,"ConVar block, dalloc/dfree/dsi_ConsolePrint, d3d_*ConsoleVariables, then StrUpperInPlace 0x10012eaf and CountSetBits 0x10012edf (no marker: could be a 69-byte object of their own)."
10012ef4,10013215,shared/conparse,P,/O1 /Ob2,C++,6,801,0,high,medium,high,"TWIN(engine conparse functions Parse,ParseFind,cp_Parse,cp_GetNextToken,cp_ParseParen,cp_ParseQuote),XCU(counter wrapper next)",Ob2-only fn: 0x100130b6 0x1001317f,engine src/shared/conparse.cpp twin; mnemonic similarity 0.4-0.9 (Processor Pack vs RTM back end).
10013215,100132a0,kernel/sys/win/counter,P,/O1 /Ob2,C++,4,139,1,high,high,hard,"AP,TWIN(static init of __g_CountDivSetter + Counter members),XCU",Ob2-only fn: 0x10013236 0x10013254 0x1001325f; Ob2-only _$E: 1,engine kernel/sys/win/counter.cpp twin; last function ends with the 0xCC pad of the P->A edge.
100132a0,10019350,sys/d3d/d3d_draw,A,/O2 /Ob2,C++,76,24752,18,high,hard,hard,"AP,JUP(function order),TAIL(STLport vector<RenderState>/__node_alloc copies 0x100187e0..0x10019220, first caller 0x10013ba0),BSS(one hash-ordered block, no cut)",Ob2-only _$E: 17,one object; no evidence for a split.
10019350,10019b10,sys/d3d/d3d_drawsky,P,/O1 /Ob2,C++,10,1984,1,medium,hard,hard,"AP,JUP(d3d_DrawSkyObjects),FIRSTCALLER(StateRestorer dtor / _Vector_base dtors after 0x10019691)",Ob2-only _$E: 1,function-local static stub _$E7 follows its owner 0x10019351.
10019b10,1001a380,unk/10019b10,A,/O2 /Ob2,C likely,1,2160,0,none,hard,medium,"AP,XCU(ConVar block starts exactly where the 2160-byte function ends),CALLS(D3DAppErrorToString is called only from the shadow-texture object)",insensitive,"one function: D3DAppErrorToString (DirectX SDK sample-framework text table: ""No error."", D3DERR_*). Probably a C object (sample d3dapp is C). Name d3dapp (names_proposal) violates link order; no file name evidence."
1001a380,1001bf10,sys/d3d/d3d_init,A,/O2 /Ob2,C++,23,7056,4,medium,medium,hard,"AP,XCU(4 ConVars at start),JUP(d3d_RenderCommand LISTDEVICECAPS family),ORDER(d3d_drawsky < d3d_init < d3d_optimizedsurface)",Ob2-only _$E: 4,one object (bss one hash-ordered block).
1001bf10,1001d1b5,sys/d3d/d3d_optimizedsurface,P,/O1 /Ob2,C or C++ (no marker),15,4773,0,high,hard,medium,"AP,JUP,BSSCUT(p=2.8e-3: boundary in (0x1001c8ea,0x1001d1fa]),FLAG(0x1001c3e4 Ob2-only)",Ob2-only fn: 0x1001c3e4,"object order d3d_optimizedsurface < shadow texture < d3d_surface needs the shadow-texture file to be named d3d_s[h-t]*, e.g. d3d_shadowtexture."
1001d1b5,1001da60,sys/d3d/d3d_shadowtexture,P,/O1 /Ob2,C++,18,2219,0,medium,medium,high,"JUP(D3DShadowTexture/Instance/Factory members, Jupiter d3dshadowtexture.cpp order),BSSCUT(p=3.4e-6 at the end),FLAG(??_G, 0x1001d886, 0x1001da29 Ob2-only vs d3d_surface Ob1),ORDER",Ob2-only fn: 0x1001d1b5 0x1001d886 0x1001da29,"file name from Jupiter is d3dshadowtexture.cpp; link order requires a name between d3d_optimizedsurface and d3d_surface. D3DShadowTextureFactory::Get and the static member live at 0x100323f9, a different object."
1001da60,1001e5a0,sys/d3d/d3d_surface,P,/O1 /Ob2,C++,25,2880,1,high,high,hard,"AP,XCU(LockOnFlip at start),BSSCUT(p=3.4e-6),TAIL(CMoArray<unsigned long> 0x1001e39c..0x1001e57c),FLAG(Ob1)",insensitive,removes the auto_inline(off) stand-in around d3d_GetScreenFormat.
1001e5a0,10021d70,sys/d3d/d3d_texture,A,/O2 /Ob2,C++,53,14288,6,high,hard,hard,"AP,JUP,TAIL(ObjectBank<RTexture> 0x10021c80..0x10021d30),BSS(one block); 0x1001f600 split unproven (soft cut p~0.1)",Ob2-only fn: 0x1001f540 0x1001f770 0x10021c80; Ob2-only _$E: 6,one object.
10021d70,100220f1,unk/10021d70,P,/O1 /Ob2,C++,15,897,1,none,hard,high,"AP,XCU(StateRestorer global),TAIL(std::vector<TextureState>/<RenderState> 0x10021f51..0x10022060),BSS(0x10063c90 | 0x10063ca8)",Ob1-only fn: 0x10021db7; Ob2-only _$E: 1,"D3D state apply/restore (StateRestorer). Link order bracket: after d3d_texture, before dirtyrect (e.g. d3dstate)."
100220f1,10022424,sys/d3d/dirtyrect,P,/O1 /Ob2,C++,10,819,3,high,high,high,"JUP(InvalidateRect,RectangleCombine,DirtyRectSwap,ClearDirtyRects),XCU(3 globals at start),BSS(staircase)",Ob2-only _$E: 2,
10022424,10022bc5,sys/d3d/draw_canvas,P,/O1 /Ob2,C++,22,1953,2,high,high,medium,"JUP(CanvasDrawMgr,d3d_DrawCanvasCB,d3d_ProcessCanvas,..),XCU(g_CanvasDrawMgr at start),BSS(soft cut)",Ob1-only fn: 0x1002246e 0x10022803 0x10022832; Ob2-only _$E: 1,
10022bc5,10023860,unk/10022bc5,P,/O1 /Ob2,C++,16,3227,1,none,medium,hard,"AP,XCU(MultipassGouraud ConVar),BSS(private block 0x10065bc0..),NOCUT(0x10023398: stub placement rule + same ConVar user 0x1002362a)",Ob1-only fn: 0x10023398,"world poly passes (multipass gouraud, single pass, queue/flush). The agents split at 0x10023398: not supported."
10023860,10023ce0,sys/d3d/drawlight,A,/O2 /Ob2,C or C++ (no marker),5,1152,0,medium,hard,medium,"AP,JUP(d3d_ProcessLight pattern),ORDER",insensitive,boundary 0x10023ce0 by function pattern only (no data tie).
10023ce0,100241e0,sys/d3d/drawlinesystem,A,/O2 /Ob2,C or C++ (no marker),4,1280,0,medium,medium,hard,"AP,JUP(d3d_ProcessLineSystem,d3d_QueueLineSystems),ORDER",insensitive,
100241e0,10025013,sys/d3d/drawmodel,P,/O1 /Ob2,C++,19,3635,2,high,hard,high,"AP,JUP(d3d_ProcessModel,d3d_DrawSolidModels,d3d_DrawTranslucentModel,d3d_GetBlendStates),BSSCUT(p=1.3e-5: boundary in (0x10024cd7,0x10025018]),FLAG(0x10024c8b Ob1-only)",Ob1-only fn: 0x10024c8b,Ob1 object.
10025013,100285a0,sys/d3d/drawmodelshadows,P,/O1 /Ob2,C++,30,13709,6,high,high,hard,"AP,XCU(ModelShadowAlpha at start),JUP(DrawModelShadows),FIRSTCALLER(shadow plane-clipper instances after 0x100264ad),COMMONBSS(7 instances)",insensitive,insensitive to Ob1/Ob2 in the scan.
100285a0,10029660,sys/d3d/drawobjects,A,/O2 /Ob2,C++,23,4288,2,high,hard,hard,"AP,JUP,TAIL(CMoArray<ObjectDrawer> 0x10028c30..0x10029640)",Ob2-only _$E: 2,
10029660,100298ef,sys/d3d/drawparticles_a,P,/O1 /Ob2,C++,9,655,2,high,hard,medium,"AP,JUP(d3d_ProcessParticles,d3d_TestAndDrawPS,d3d_QueueTranslucentParticles = all of Jupiter drawparticles_A.cpp),XCU(PSSrcBlend/PSDestBlend),BSS(p=0.05)",insensitive,boundary exact value 0x100298ef = next ConVar group.
100298ef,1002afd0,unk/100298ef,P,/O1 /Ob2,C++,70,5857,5,none,medium,hard,"AP,XCU(DetailTextureScale..TestLightmap group, one object by hash order),TAIL(CMoArray<QVert>, ObjectBank<DPMNode> 0x1002a990..)",Ob2-only _$E: 1,DrawPolyMgr (Talon only). Link order: name must be < drawpolygrid (not drawpolymgr).
1002afd0,1002d000,sys/d3d/drawpolygrid,A,/O2 /Ob2,C++,14,8240,1,high,hard,hard,"AP,JUP,XCU",Ob2-only _$E: 1,
1002d000,1002d080,unk/1002d000,P,/O1 /Ob2,C++,9,128,4,none,hard,hard,"AP,XCUBSS(4 ConVars hash-ordered = one object)",insensitive,"portal ConVars only (PortalFlow, PortalGraph, PortalsOnly, BlockersOnly)."
1002d080,1002d640,sys/d3d/drawsky,A,/O2 /Ob2,C++,5,1472,3,medium,hard,high,"AP,XCU(3 groups at start),BSSCUT(p=7e-4: boundary in (0x1002d4c0,0x1002f330]),XCU(2 empty wrappers at 0x1002d640),JUP",Ob2-only _$E: 3,
1002d640,1002f330,sys/d3d/drawsprite,A,/O2 /Ob2,C++,12,7408,2,high,medium,medium,"JUP(d3d_DrawSprite,d3d_DrawRotatableSprite,d3d_ClipSprite),XCU(2 empty wrappers at start),ORDER",Ob2-only _$E: 2,
1002f330,10030bb0,sys/d3d/drawworldmodel,A,/O2 /Ob2,C++,12,6272,2,medium,medium,hard,"AP,XCU(DrawWorldModels + empty at start),BSSCUT,ORDER",Ob2-only _$E: 2,
10030bb0,10031d18,world/fullintersectline,P,/O1 /Ob2 (+#pragma optimize as engine twin),C++,16,4456,3,high,hard,high,"AP,TWIN(exact bytes: 0x10030bb0,0x10030f58,0x10030fd9 vs engine 0x437c10,0x437f7a,0x437ffb),FIRSTCALLER(DistSqr copy at end: /Od inline emission),XCU(3 call-ret groups)",insensitive,built with #pragma optimize as in the engine twin.
10031d18,10031e94,unk/10031d18,P,/O1 /Ob2,C or C++ (no marker),3,380,0,none,medium,medium,"CALLS(DirectDrawEnumerateExA GetProcAddress fallback, called from d3d_Init and GetSupportedModes),ORDER",insensitive,DirectDraw device enumeration.
10031e94,10032031,shared/geomroutines,P,/O1 /Ob2,C or C++ (no marker),1,413,0,medium,medium,high,"TWIN(gr_GetPerpendicularVector),ORDER(fullintersectline < geomroutines < intersect_line)",insensitive,one surviving engine function.
10032031,100323f9,world/intersect_line,P,/O1 /Ob2,C++,4,968,0,high,medium,medium,"TWIN(InternalIntersectLineNode,IntersectLineNode,IntersectLine),FIRSTCALLER(InsideConvex after 0x10032031)",Ob2-only fn: 0x1003239b,
100323f9,10032583,unk/100323f9,P,/O1 /Ob2,C++,5,394,0,none,medium,medium,"BSS(0x1007674c..0x10076764 block),CALLS",Ob2-only fn: 0x100323ff 0x1003244f,"D3DShadowTextureFactory::Get + static member, 2 shadow-texture cache helpers, 2 lightmap RLE decompressors. Split from the next object at 0x10032583 is soft (p=0.04); 0x1003249f/0x10032503 may belong to the lightmap side."
10032583,100329b0,unk/10032583,P,/O1 /Ob2,C++,11,1069,3,none,medium,hard,"AP,XCU(LMDynamic* ConVars),BSS",insensitive,dynamic lightmap.
100329b0,10034000,unk/100329b0,A,/O2 /Ob2,C++,10,5712,1,none,hard,hard,"AP,XCU",Ob2-only _$E: 1,LMAnimStatic ConVar + light animation / dynamic light application.
10034000,1003481f,unk/10034000,P,/O1 /Ob2,C++,17,2079,0,none,hard,high,"AP,BSSCUT(p=5.1e-6: boundary in (0x10034597,0x1003481f])",insensitive,lightmap pages.
1003481f,10034af0,shared/lightmap_planes,P,/O1 /Ob2,C++,4,721,1,medium,high,high,"TWIN(g_LMPlanes init + LMPlane ctor + SetupLMPlaneVectors),XCU,BSSCUT(exact: last user 0x10034a9d | first user 0x10034af0)",Ob2-only _$E: 1,"the function at 0x10034a9d (SetupLMPlaneVectors, 83 bytes) belongs to this object, not to the next one."
10034af0,10034ebb,unk/10034af0,P,/O1 /Ob2,C++,8,971,2,none,high,medium,"BSSCUT,XCU(pool init)",Ob2-only _$E: 1,lightmap staging-texture lock/unlock and pool management.
10034ebb,1003579a,unk/10034ebb,P,/O1 /Ob2,C or C++ (no marker),10,2271,0,none,medium,high,BSSCUT(sandwich: private var 0x1007d424 is separable from both neighbours),insensitive,queued lightmapped world poly draw.
1003579a,10035917,sdk/ltquatbase,P,/O1 /Ob2,C or C++ (no marker),1,381,0,high,high,high,"TWIN(quat_ConvertToMatrix),BSSCUT(exact end)",insensitive,
10035917,10035de7,unk/10035917,P,/O1 /Ob2,C++,7,1232,3,none,high,medium,"BSSCUT,XCU(3 table initialisers)",Ob2-only _$E: 3,BSP segment walk + three tables.
10035de7,10038830,shared/pixelformat,P,/O1 /Ob2,C++,72,10825,1,high,medium,hard,"AP,TWIN(PFormat/FormatMgr converters, 72 functions),XCU",Ob2-only fn: 0x10035e8a 0x10036850 0x1003689c,
10038830,1003a680,sys/d3d/tagnodes,A,/O2 /Ob2,C++,36,7760,1,high,hard,hard,"AP,JUP,XCU,TAIL(CMoArray<WorldPoly*> 0x10039e10..0x1003a660)",Ob2-only fn: 0x10038aa0 0x10038b60 0x10038cf0 0x10039100 0x10039540 0x10039900 0x10039ae0 0x1003a3a0; Ob2-only _$E: 2,
1003a680,1003b502,unk/1003a680,P,/O1 /Ob2,C++,49,3714,1,low,hard,hard,"AP,XCU(vertex buffer cache global),TAIL(CMoArray<IDirect3DVertexBuffer7*>,<VBCacheEntry> 0x1003acd9..0x1003b4bd)",Ob2-only _$E: 1,vertex-buffer pool base class + cache; Jupiter VertexBufferController is the only candidate name.
