unit,start,end,confidence,evidence
unk/10001000,10001000,10007930,medium,"A run (16-aligned COMDAT functions, 0x90 pad = /O2 /Gy): extent exact, one or more objects; bss hash order (rho -0.00 over 20 private vars) supports ONE object | 58 fn, 26928 bytes | C++ (static init x12, vtables x4, new/delete x1) | bss order rho=-0.00 (n=20) | strings: 8 (ModelMinTri; ModelDetailTextureScale; SpecularPowerTest) | ConVars: 8 (ModelMinTri,ModelDetailTextureScale,SpecularPowerTest..) | content: model vertex-buffer pools (4 global pool objects with vtables, ConVars ModelMinTri..ModelVBCacheDelay), TL vertex fillers (0x10001370-0x10001520), 3D polygon clipper in 8 plane variants (0x10001530-0x10007670, Jupiter polyclip.h), view/vertex transform loops (0x10002050, 0x10002bc0, 0x100036d0), giant x87 model transform 0x10004660 (872 x87 insns)"
unk/10007930,10007930,10008cd0,high,"P region (packed .text, no /Gy; one object): extent exact; flags /O1 /Ob2 (seed evidence) | 25 fn, 5024 bytes | C? (no C++ marker: no static init, vtable, new/delete) | strings: 1 (Error: vertex buffer ove) | content: node pool + vertex-buffer flush (""Error: vertex buffer overflow""), clip-plane edge helpers (0x10008b58..0x10008c6e)"
unk/10008cd0,10008cd0,100098d0,medium,"A run (16-aligned COMDAT functions, 0x90 pad = /O2 /Gy): extent exact, one or more objects | 7 fn, 3072 bytes | C++ (static init x1) | bss order rho=+1.00 (n=13) | content: one static initialiser then x87 draw/transform code (0x10009020, 0x10009370: 192/222 x87 insns)"
unk/100098d0,100098d0,1000f160,high,"P region (packed .text, no /Gy; one object): extent exact; flags /O1 /Ob2 (seed evidence) | 175 fn, 22672 bytes | C++ (static init x23, vtables x3) | bss order rho=+0.68 (n=44) | strings: 22 (DetailTextures; DetailTextureAdd; DetailTextureAngle) | ConVars: 21 (DetailTextures,DetailTextureAdd,DetailTextureAngle..) | content: model/world ConVars (DetailTextures.., LightModelSprites..ModelUseTnL), Direct3D7 state wrappers (0x10009ea5-0x1000a521), model draw (0x1000a538..0x1000d3a7), out-of-line LTMatrix/LTVector inlines, a family of ~30 pixel-format converter stubs (0x1000e0c1-0x1000f148) with 3 switch tables"
unk/1000f160,1000f160,1000f3a0,medium,"A run (16-aligned COMDAT functions, 0x90 pad = /O2 /Gy): extent exact, one or more objects | 4 fn, 576 bytes | C++ (static init x2) | strings: 2 (NearZ; ReallyCloseNearZ) | ConVars: 2 (NearZ,ReallyCloseNearZ..) | content: NearZ/ReallyCloseNearZ ConVars + two projection/viewport helpers (Jupiter 3d_ops.cpp d3d_SetReallyClose family)"
sys/d3d/common_stuff,1000f3a0,100132a0,high,"P region (packed .text, no /Gy; one object): extent exact; flags /O1 /Ob2 (seed evidence) | 237 fn, 16128 bytes | C++ (static init x97) | bss order rho=+0.06 (n=737) | strings: 102 (Device: %s; BACKBUFFER; LPDIRECTDRAW) | name (medium): dalloc/dalloc_z/dfree + ""d3drender.dll: out of memory"" + g_pStruct/ConsolePrint wrappers + console-variable creation = Jupiter common_stuff.cpp (the seed unit src/d3dren/seed/common_stuff.cpp); the same object also defines ~100 ConVars (rendererconsolevars), ConVar::ConVar (0x100111b5), RenderDLLSetup/GetSupportedModes/FreeModeList and the init code with the ""VisibleSet::Init failed"" strings (Jupiter common_init.cpp / d3d_shell.cpp)"
unk/100132a0,100132a0,10019350,medium,"A run (16-aligned COMDAT functions, 0x90 pad = /O2 /Gy): extent exact, one or more objects; bss hash order (rho -0.10 over 142 private vars) supports ONE object | 76 fn, 24752 bytes | C++ (static init x18, new/delete x12) | bss order rho=-0.10 (n=142) | strings: 47 (VFogMinY; VFogMaxY; VFogMinYVal) | ConVars: 15 (VFogMinY,VFogMaxY,VFogMinYVal..) | content: ConVars VFogMinY..RenderToFront, world draw (DrawWorldTree), texture stats (""ShowTexInfo""/""Overdraw:""/""Triangles:"" lines in 0x10017aa0), x87 world/light loops (0x10015820, 0x100161e0), list/pool helpers (0x100184f0-0x10019220); Jupiter d3d_draw.cpp"
unk/10019350,10019350,10019b10,high,"P region (packed .text, no /Gy; one object): extent exact; flags /O1 /Ob2 (seed evidence) | 10 fn, 1984 bytes | C++ (static init x1) | bss order rho=+1.00 (n=8) | strings: 1 (Error: vertex buffer ove) | content: two empty static initialisers, hash/list helpers around ConVar-cached values"
sys/d3d/d3d_init,10019b10,1001bf10,medium,"A run (16-aligned COMDAT functions, 0x90 pad = /O2 /Gy): extent exact, one or more objects | 24 fn, 9216 bytes | C++ (static init x4, new/delete x1) | bss order rho=+0.53 (n=41) | strings: 176 (No error.; Unrecognized error value; D3DERR_LIGHT_SET_FAILED) | ConVars: 4 (UseD3DClip,MipMapBias,Trilinear..) | name (medium): LISTDEVICECAPS / LISTTEXTUREFORMATS / LISTDEVICES console commands and the device/caps dump are in Jupiter d3d_init.cpp; ForceMode and the DDERR/D3DERR text tables belong to the same device-creation code (Jupiter d3d_device.cpp has ForceMode), so this run may also hold a d3d_device object"
sys/d3d/d3d_surface,1001bf10,1001e5a0,high,"P region (packed .text, no /Gy; one object): extent exact; flags /O1 /Ob2 (seed evidence) | 58 fn, 9872 bytes | C++ (static init x1, vtables x5, new/delete x10) | bss order rho=+0.90 (n=27) | strings: 6 (LockOnFlip; Warning: drawing a nonop; ScreenShot: Created %s s) | ConVars: 1 (LockOnFlip..) | name (medium): ScreenShot: ... strings (4), LockOnFlip and ""drawing a nonoptimized surface while in 3D mode"" are in Jupiter d3d_surface.cpp (the last also in d3d_optimizedsurface.cpp)"
sys/d3d/d3d_texture,1001e5a0,10021d70,low,"A run (16-aligned COMDAT functions, 0x90 pad = /O2 /Gy): extent exact, one or more objects; 13 KB, probably several | 53 fn, 14288 bytes | C++ (static init x6, vtables x4, new/delete x5) | bss order rho=+0.64 (n=20) | strings: 39 (S3TCEnable; Warning: device not ligh; FORMAT_INTERFACE texture) | ConVars: 1 (S3TCEnable..) | name (medium): S3TCEnable, FORMAT_NORMAL/INTERFACE/4444/FULLBRITE texture format messages, r_TransferTexture texture upload strings; Jupiter d3d_texture.cpp has S3TCEnable and the texture-format code"
unk/10021d70,10021d70,10023860,high,"P region (packed .text, no /Gy; one object): extent exact; flags /O1 /Ob2 (seed evidence) | 63 fn, 6896 bytes | C++ (static init x7, vtables x1) | bss order rho=+0.02 (n=15) | strings: 4 (DrawCanvases; Set '%s' overflowed; MultipassGouraud) | ConVars: 2 (DrawCanvases,MultipassGouraud..) | content: DrawCanvases / MultipassGouraud ConVars, vertex-buffer ""Set overflowed"" helper, canvas/state-block drawing (Jupiter draw_canvas.cpp neighbourhood)"
unk/10023860,10023860,100241e0,medium,"A run (16-aligned COMDAT functions, 0x90 pad = /O2 /Gy): extent exact, one or more objects | 9 fn, 2432 bytes | C? (no C++ marker: no static init, vtable, new/delete) | strings: 1 (Set '%s' overflowed) | content: x87 draw helpers (0x100238b0, 0x10023b20, 0x10023d80: 181 x87 insns), no strings"
unk/100241e0,100241e0,100285a0,high,"P region (packed .text, no /Gy; one object): extent exact; flags /O1 /Ob2 (seed evidence) | 49 fn, 17344 bytes | C++ (static init x8) | bss order rho=+0.86 (n=20) | strings: 10 (ModelSpecular; ModelTexture; ModelShadowAlpha) | ConVars: 8 (ModelSpecular,ModelTexture,ModelShadowAlpha..) | content: ModelSpecular/ModelTexture/ModelShadow* ConVars and model shadow projection (""Invalid texture size for shadows""); Jupiter drawmodel*/modelshadow neighbourhood"
unk/100285a0,100285a0,10029660,medium,"A run (16-aligned COMDAT functions, 0x90 pad = /O2 /Gy): extent exact, one or more objects | 23 fn, 4288 bytes | C++ (static init x2, vtables x2) | bss order rho=+0.90 (n=8) | strings: 2 (SortProfile; DrawSorted) | ConVars: 2 (SortProfile,DrawSorted..) | content: SortProfile/DrawSorted ConVars, CMoArray<> template copies (vtables 0x100463ec/0x1004641c)"
unk/10029660,10029660,1002afd0,high,"P region (packed .text, no /Gy; one object): extent exact; flags /O1 /Ob2 (seed evidence) | 79 fn, 6512 bytes | C++ (static init x7, vtables x3, new/delete x1) | strings: 10 (PSSrcBlend; PSDestBlend; DetailTextureScale) | ConVars: 6 (PSSrcBlend,PSDestBlend,DetailTextureScale..) | content: DrawPolyMgr (PSSrcBlend/PSDestBlend, TestGouraud/TestLightmap, ""DrawPolyMgr::DrawPolyAdditionalPass: nQVerts != nVertices"", ""Material ..., pass %d, stage %d: TextureSrcInitFn failed"")"
sys/d3d/drawpolygrid,1002afd0,1002d000,medium,"A run (16-aligned COMDAT functions, 0x90 pad = /O2 /Gy): extent exact, one or more objects | 14 fn, 8240 bytes | C++ (static init x1) | bss order rho=+0.45 (n=10) | strings: 2 (EnvMapPolyGrids; Set '%s' overflowed) | ConVars: 1 (EnvMapPolyGrids..) | name (weak): EnvMapPolyGrids console variable (Jupiter drawpolygrid.cpp); 14 functions, x87 heavy"
unk/1002d000,1002d000,1002d080,high,"P region (packed .text, no /Gy; one object): extent exact; flags /O1 /Ob2 (seed evidence) | 9 fn, 128 bytes | C++ (static init x4) | strings: 4 (PortalFlow; PortalGraph; PortalsOnly) | ConVars: 4 (PortalFlow,PortalGraph,PortalsOnly..) | content: portal ConVars only (PortalFlow, PortalGraph, PortalsOnly, BlockersOnly)"
unk/1002d080,1002d080,10030bb0,low,"A run (16-aligned COMDAT functions, 0x90 pad = /O2 /Gy): extent exact, one or more objects; 14 KB, probably several | 29 fn, 15152 bytes | C++ (static init x7) | bss order rho=+0.31 (n=15) | strings: 4 (AllSkyPortals; Set '%s' overflowed; DrawWorldModels) | ConVars: 2 (AllSkyPortals,DrawWorldModels..) | content: sky/portal/world-model draw (""AllSkyPortals"", ""DrawWorldModels""), x87 portal clipping, ConVars; Jupiter drawsky/drawworldmodel"
unk/10030bb0,10030bb0,100329b0,high,"P region (packed .text, no /Gy; one object): extent exact; flags /O1 /Ob2 (seed evidence) | 40 fn, 7680 bytes | C++ (static init x6) | bss order rho=+0.90 (n=27) | strings: 8 (Unable to get ddraw.dll ; Unable to get DirectDraw; DirectDrawEnumerateExA f) | ConVars: 3 (LMDynamic,LMDynamicScale,LMDynamicSize..) | content: DirectDrawEnumerateExA fallback (GetProcAddress) + dynamic lightmap ConVars (LMDynamic/LMDynamicScale/LMDynamicSize)"
unk/100329b0,100329b0,10034000,medium,"A run (16-aligned COMDAT functions, 0x90 pad = /O2 /Gy): extent exact, one or more objects | 10 fn, 5712 bytes | C++ (static init x1) | strings: 1 (LMAnimStatic) | ConVars: 1 (LMAnimStatic..) | content: LMAnimStatic ConVar + lightmap animation/light-table x87 code"
unk/10034000,10034000,10038830,high,"P region (packed .text, no /Gy; one object): extent exact; flags /O1 /Ob2 (seed evidence) | 119 fn, 18480 bytes | C++ (static init x7, vtables x2, new/delete x2) | bss order rho=+1.00 (n=48) | strings: 4 (Unable to create (%dx%d); Lightmaps paged in %.1f ; LightAnim_BASE) | content: lightmap pages (""Unable to create (%dx%d) lightmap page."", ""Lightmaps paged in %.1f seconds."", ""LightAnim_BASE""), lightmap build/upload, 119 functions"
sys/d3d/tagnodes,10038830,1003a680,medium,"A run (16-aligned COMDAT functions, 0x90 pad = /O2 /Gy): extent exact, one or more objects | 36 fn, 7760 bytes | C++ (static init x1, vtables x1, new/delete x5) | bss order rho=-0.01 (n=45) | strings: 16 (VS_CANVASES_TRANSLUCENT; VS_CANVASES; VS_PARTICLESYSTEMS) | name (strong): VS_* list names (VS_MODELS, VS_WORLDMODELS_TRANSLUCENT, ...) and ""GetVisBSP returned LTNULL"" are in Jupiter tagnodes.cpp (VisibleSet); the region ends with CMoArray template copies of the objects it uses"
unk/1003a680,1003a680,1003b502,high,"P region (packed .text, no /Gy; one object): extent exact; flags /O1 /Ob2 (seed evidence) | 49 fn, 3714 bytes | C++ (static init x1, vtables x4, new/delete x2) | content: vertex-buffer pool base class (constructor 0x1003a680, destructor 0x1003a6d6, virtuals 0x1003a6fb..0x1003a8b1: the 4 pool objects of unk/10001000 derive from it and override two slots) plus CMoArray-style template member copies (vtables 0x100463ec/0x1004641c/0x100464ec), list helpers using g_DefAlloc (0x10093b84) and new/delete"
imp/ddraw_thunks,1003b502,1003b520,high,"IMPORT-LIBRARY THUNKS, not source: 3 x `jmp [iat]` for DirectDrawCreate, DirectDrawCreateEx, DirectDrawEnumerateA (symbols.csv labels at 0x1003b502/08/0e) plus alignment padding"
lib/LT_StdLith/struct_bank,1003b520,1003b650,high,"PREBUILT LIBRARY OBJECT, not renderer source: 5 code sections byte-identical (outside relocations) to LT_StdLith\struct_bank.obj | matched: sb_AllocateNewStructPage, sb_Init, sb_Init2, sb_Term, sb_Term2 | unreferenced sections of the object were dropped by /OPT:REF; libraries.json does not list it (libmatch skipped lithshared libs): add it so the build treats it as library code"
lib/LT_StdLith/l_allocator,1003b650,1003b6d0,high,"PREBUILT LIBRARY OBJECT, not renderer source: 4 code sections byte-identical (outside relocations) to LT_StdLith\l_allocator.obj | matched: Alloc, Free, _$E3, _GLAlloc | unreferenced sections of the object were dropped by /OPT:REF; libraries.json does not list it (libmatch skipped lithshared libs): add it so the build treats it as library code"
lib/LT_StdLith/dynarray,1003b6d0,1003b710,high,"PREBUILT LIBRARY OBJECT, not renderer source: 1 code sections byte-identical (outside relocations) to LT_StdLith\dynarray.obj | matched: MoArray_FindElementMemcmp | unreferenced sections of the object were dropped by /OPT:REF; libraries.json does not list it (libmatch skipped lithshared libs): add it so the build treats it as library code"
imp/kernel32_rtlunwind,10045880,10045890,high,"IMPORT-LIBRARY THUNK, not source: `jmp [RtlUnwind]` (symbols.csv label 0x10045880, called by the CRT exception code) to the end of .text"
